date,open,high,low,close,volume
2025-01-05,98084.34279280754,98256.73876849933,98084.34279280754,98256.73876849933,20979035420.980793
2025-01-06,98256.73876849933,98364.58946599838,98256.73876849933,98364.58946599838,20060293834.7155
2025-01-07,98364.58946599838,102229.39453189743,98364.58946599838,102229.39453189743,46111387334.46171
2025-01-08,102229.39453189743,102229.39453189743,96952.09886774956,96952.09886774956,60610257147.15405
2025-01-09,96952.09886774956,96952.09886774956,95016.71440989176,95016.71440989176,65790469838.34392
2025-01-10,95016.71440989176,95016.71440989176,92376.27578346101,92376.27578346101,65850881574.76184
2025-01-11,92376.27578346101,94736.6267420969,92376.27578346101,94736.6267420969,63433655716.757095
2025-01-12,94736.6267420969,94736.6267420969,94559.55167224213,94559.55167224213,17836423168.41627
2025-01-13,94559.55167224213,94559.55167224213,94454.77089638807,94454.77089638807,19608932595.53299
2025-01-14,94454.77089638807,94456.3493746993,94454.77089638807,94456.3493746993,76328330233.31137
2025-01-15,94456.3493746993,96574.07768799194,94456.3493746993,96574.07768799194,51241728228.81719
2025-01-16,96574.07768799194,100313.15239828422,96574.07768799194,100313.15239828422,57637319739.543396
2025-01-17,100313.15239828422,100313.15239828422,100044.57926776377,100044.57926776377,50150102497.2729
2025-01-18,100044.57926776377,104160.69358484233,100044.57926776377,104160.69358484233,69135117732.00064
2025-01-19,104160.69358484233,104334.61575724394,104160.69358484233,104334.61575724394,49416447749.13053
2025-01-20,104334.61575724394,104334.61575724394,101275.33714814208,101275.33714814208,72970313683.92325
2025-01-21,101275.33714814208,101764.90860170545,101275.33714814208,101764.90860170545,120158523166.88387
2025-01-22,101764.90860170545,106182.2368201815,101764.90860170545,106182.2368201815,95344290057.8965
2025-01-23,106182.2368201815,106182.2368201815,103673.53509537787,103673.53509537787,55030669602.56557
2025-01-24,103673.53509537787,104067.60991206947,103673.53509537787,104067.60991206947,102455227371.20761
2025-01-25,104067.60991206947,104835.19253555956,104067.60991206947,104835.19253555956,51418786362.7815
2025-01-26,104835.19253555956,104835.19253555956,104796.04077738234,104796.04077738234,22740744964.719296
2025-01-27,104796.04077738234,104796.04077738234,102552.24874280207,102552.24874280207,20639818380.26942
2025-01-28,102552.24874280207,102552.24874280207,101958.46953745594,101958.46953745594,93191643783.24739
2025-01-29,101958.46953745594,101958.46953745594,101313.11264498268,101313.11264498268,45780526813.56264
2025-01-30,101313.11264498268,103718.97939813645,101313.11264498268,103718.97939813645,47425401641.53094
2025-01-31,103718.97939813645,104781.5135100103,103718.97939813645,104781.5135100103,42122570869.034325
2025-02-01,104781.5135100103,104781.5135100103,102382.39409722165,102382.39409722165,37187819228.35328
2025-02-02,102382.39409722165,102382.39409722165,100674.78762544956,100674.78762544956,22827776122.48367
2025-02-03,100674.78762544956,100674.78762544956,97568.31653024875,97568.31653024875,59784234332.21204
2025-02-04,97568.31653024875,101466.8606657039,97568.31653024875,101466.8606657039,122163969235.23686
2025-02-05,101466.8606657039,101466.8606657039,98118.43921664466,98118.43921664466,73196693057.98114
2025-02-06,98118.43921664466,98118.43921664466,96582.88682919052,96582.88682919052,48848958931.79228
2025-02-07,96582.88682919052,96635.41875332211,96582.88682919052,96635.41875332211,44462180396.172516
2025-02-08,96635.41875332211,96635.41875332211,96558.4563096667,96558.4563096667,57077722340.22422
2025-02-09,96558.4563096667,96558.4563096667,96558.23762501091,96558.23762501091,20760850644.84597
2025-02-10,96558.23762501091,96558.23762501091,96548.57865379585,96548.57865379585,25457107581.051964
2025-02-11,96548.57865379585,97399.98161383197,96548.57865379585,97399.98161383197,37054987393.57789
2025-02-12,97399.98161383197,97399.98161383197,95739.97737079239,95739.97737079239,36454577154.5622
2025-02-13,95739.97737079239,97836.18856127483,95739.97737079239,97836.18856127483,47115618235.19051
2025-02-14,97836.18856127483,97836.18856127483,96561.6639990985,96561.6639990985,29084371910.690556
2025-02-15,96561.6639990985,97488.48148536457,96561.6639990985,97488.48148536457,32289906944.92862
2025-02-16,97488.48148536457,97569.95169430465,97488.48148536457,97569.95169430465,14215311318.346336
2025-02-17,97569.95169430465,97569.95169430465,96149.3484548204,96149.3484548204,13634794998.739267
2025-02-18,96149.3484548204,96149.3484548204,95776.15723852723,95776.15723852723,25324374113.08163
2025-02-19,95776.15723852723,95776.15723852723,95495.89153299287,95495.89153299287,38311133144.729355
2025-02-20,95495.89153299287,96554.87156259285,95495.89153299287,96554.87156259285,27703222487.389572
2025-02-21,96554.87156259285,98384.31738240314,96554.87156259285,98384.31738240314,24175261969.81266
2025-02-22,98384.31738240314,98384.31738240314,96135.15541305285,96135.15541305285,42477472950.92155
2025-02-23,96135.15541305285,96564.15414290235,96135.15541305285,96564.15414290235,18464415570.762142
2025-02-24,96564.15414290235,96564.15414290235,96327.46309127835,96327.46309127835,16643044374.983364
2025-02-25,96327.46309127835,96327.46309127835,91396.76686930266,91396.76686930266,45539703844.38777
2025-02-26,91396.76686930266,91396.76686930266,88755.7693356979,88755.7693356979,96742453402.56294
2025-02-27,88755.7693356979,88755.7693356979,83900.11496524839,83900.11496524839,69277430795.68657
2025-02-28,83900.11496524839,84709.14477847965,83900.11496524839,84709.14477847965,81960688217.70384
2025-03-01,84709.14477847965,84709.14477847965,84441.9012237131,84441.9012237131,80695237175.07367
2025-03-02,84441.9012237131,86005.25629681018,84441.9012237131,86005.25629681018,30634474722.6359
2025-03-03,86005.25629681018,94261.53286538439,86005.25629681018,94261.53286538439,61859112550.80991
2025-03-04,94261.53286538439,94261.53286538439,86124.71418722175,86124.71418722175,68715362745.4567
2025-03-05,86124.71418722175,87310.80531078295,86124.71418722175,87310.80531078295,65863356680.42408
2025-03-06,87310.80531078295,90604.08098523637,87310.80531078295,90604.08098523637,51606642859.81411
2025-03-07,90604.08098523637,90604.08098523637,90001.40087607042,90001.40087607042,47555759124.64708
2025-03-08,90001.40087607042,90001.40087607042,86773.33597555371,86773.33597555371,63216440874.73251
2025-03-09,86773.33597555371,86773.33597555371,86142.9833586432,86142.9833586432,18809360803.37126
2025-03-10,86142.9833586432,86142.9833586432,80751.13893300897,80751.13893300897,32013406240.51754
2025-03-11,80751.13893300897,80751.13893300897,78783.94057934263,78783.94057934263,49983692766.22745
2025-03-12,78783.94057934263,82799.1080292053,78783.94057934263,82799.1080292053,56404462275.083046
2025-03-13,82799.1080292053,83884.24578828987,82799.1080292053,83884.24578828987,41782186208.59073
2025-03-14,83884.24578828987,83884.24578828987,81098.90052436228,81098.90052436228,32583592654.882656
2025-03-15,81098.90052436228,83971.70916064628,81098.90052436228,83971.70916064628,28571483950.074646
2025-03-16,83971.70916064628,84391.69087647168,83971.70916064628,84391.69087647168,10761796127.312485
2025-03-17,84391.69087647168,84391.69087647168,82610.61750343916,82610.61750343916,21638031633.118767
2025-03-18,82610.61750343916,84075.36559694471,82610.61750343916,84075.36559694471,19659366246.596867
2025-03-19,84075.36559694471,84075.36559694471,82780.03048688271,82780.03048688271,24557570268.85276
2025-03-20,82780.03048688271,86815.44109470697,82780.03048688271,86815.44109470697,33871216993.304657
2025-03-21,86815.44109470697,86815.44109470697,84270.84358966233,84270.84358966233,27579127651.06656
2025-03-22,84270.84358966233,84270.84358966233,84009.532917822,84009.532917822,18091004975.919056
2025-03-23,84009.532917822,84009.532917822,83793.30854192551,83793.30854192551,7771134681.982918
2025-03-24,83793.30854192551,85787.70914901773,83793.30854192551,85787.70914901773,12617587530.619724
2025-03-25,85787.70914901773,87327.72969669085,85787.70914901773,87327.72969669085,27270889835.1835
2025-03-26,87327.72969669085,87520.58391530563,87327.72969669085,87520.58391530563,30351832942.705593
2025-03-27,87520.58391530563,87520.58391530563,86960.8555491039,86960.8555491039,25522877558.700558
2025-03-28,86960.8555491039,87227.27158032371,86960.8555491039,87227.27158032371,24620445368.489468
2025-03-29,87227.27158032371,87227.27158032371,84359.46915506005,84359.46915506005,31674486232.097313
2025-03-30,84359.46915506005,84359.46915506005,82679.17255385047,82679.17255385047,16837439419.924389
2025-03-31,82679.17255385047,82679.17255385047,82356.38111183756,82356.38111183756,13428975108.070734
2025-04-01,82356.38111183756,82514.09365397849,82356.38111183756,82514.09365397849,30326148749.91535
2025-04-02,82514.09365397849,85237.5876052852,82514.09365397849,85237.5876052852,29172899851.734768
2025-04-03,85237.5876052852,85237.5876052852,82526.4221526433,82526.4221526433,46332905657.77597
2025-04-04,82526.4221526433,83163.98757387721,82526.4221526433,83163.98757387721,36594464539.14662
2025-04-05,83163.98757387721,83852.00765399594,83163.98757387721,83852.00765399594,35647289400.47406
2025-04-06,83852.00765399594,83852.00765399594,83595.88550177493,83595.88550177493,14910400035.531416
2025-04-07,83595.88550177493,83595.88550177493,78211.48358199988,78211.48358199988,36140377231.68329
2025-04-08,78211.48358199988,79179.29226757778,78211.48358199988,79179.29226757778,82909748172.59216
2025-04-09,79179.29226757778,79179.29226757778,76329.090356324,76329.090356324,47812787635.22632
2025-04-10,76329.090356324,82622.17029546302,76329.090356324,82622.17029546302,87408220482.11568
2025-04-11,82622.17029546302,82622.17029546302,79596.35732250768,79596.35732250768,41213520154.25157
2025-04-12,79596.35732250768,83439.28818043756,79596.35732250768,83439.28818043756,39813566443.76779
2025-04-13,83439.28818043756,85305.09728392666,83439.28818043756,85305.09728392666,22428929482.069122
2025-04-14,85305.09728392666,85305.09728392666,83600.82010054543,83600.82010054543,28731125717.934357
2025-04-15,83600.82010054543,84523.4524914945,83600.82010054543,84523.4524914945,33155578229.343513
2025-04-16,84523.4524914945,84523.4524914945,83656.49248858042,83656.49248858042,25084671427.622566
2025-04-17,83656.49248858042,84105.77942167096,83656.49248858042,84105.77942167096,26948109141.803364
2025-04-18,84105.77942167096,84930.90857600998,84105.77942167096,84930.90857600998,19323821375.14309
2025-04-19,84930.90857600998,84930.90857600998,84433.75017215389,84433.75017215389,9550691272.782005
2025-04-20,84433.75017215389,85126.66244301842,84433.75017215389,85126.66244301842,12635983530.804455
2025-04-21,85126.66244301842,85126.66244301842,85073.16544858096,85073.16544858096,12625843856.313684
2025-04-22,85073.16544858096,87452.04699068287,85073.16544858096,87452.04699068287,40070025414.28289
2025-04-23,87452.04699068287,93576.16588573981,87452.04699068287,93576.16588573981,53841992235.36636
2025-04-24,93576.16588573981,93605.45230873208,93576.16588573981,93605.45230873208,39901515879.65954
2025-04-25,93605.45230873208,93872.81422867288,93605.45230873208,93872.81422867288,30031246761.093452
2025-04-26,93872.81422867288,94773.11200643536,93872.81422867288,94773.11200643536,39336184715.04292
2025-04-27,94773.11200643536,94773.11200643536,94644.06637120107,94644.06637120107,15445392739.787264
2025-04-28,94644.06637120107,94644.06637120107,93809.33781968223,93809.33781968223,15926259371.057959
2025-04-29,93809.33781968223,95030.60645474444,93809.33781968223,95030.60645474444,31913814736.53902
2025-04-30,95030.60645474444,95030.60645474444,94256.35946318062,94256.35946318062,25882629766.278946
2025-05-01,94256.35946318062,94256.35946318062,94235.75331048167,94235.75331048167,26541700309.366146
2025-05-02,94235.75331048167,96426.94522273027,94235.75331048167,96426.94522273027,30207566405.468834
2025-05-03,96426.94522273027,96855.5681343944,96426.94522273027,96855.5681343944,23276376191.483967
2025-05-04,96855.5681343944,96855.5681343944,95922.86842404422,95922.86842404422,13797554863.642815
2025-05-05,95922.86842404422,95922.86842404422,94326.62048529249,94326.62048529249,14903122945.616686
2025-05-06,94326.62048529249,94758.8237105546,94326.62048529249,94758.8237105546,24086456278.203846
2025-05-07,94758.8237105546,96854.53198815876,94758.8237105546,96854.53198815876,23348052607.071873
2025-05-08,96854.53198815876,97026.49376966801,96854.53198815876,97026.49376966801,64376174032.08048
2025-05-09,97026.49376966801,103076.27555512934,97026.49376966801,103076.27555512934,50020047720.65604
2025-05-10,103076.27555512934,103076.27555512934,102962.54045692299,102962.54045692299,40800894903.23446
2025-05-11,102962.54045692299,104630.8792994166,102962.54045692299,104630.8792994166,21558992540.042442
2025-05-12,104630.8792994166,104630.8792994166,103994.061616746,103994.061616746,27389436049.454792
2025-05-13,103994.061616746,103994.061616746,102876.8304286011,102876.8304286011,43090605819.36596
2025-05-14,102876.8304286011,104184.49039270742,102876.8304286011,104184.49039270742,33861432519.50822
2025-05-15,104184.49039270742,104184.49039270742,103594.42575090709,103594.42575090709,28398245846.798244
2025-05-16,103594.42575090709,103708.85136423641,103594.42575090709,103708.85136423641,31823340473.339912
2025-05-17,103708.85136423641,103708.85136423641,103556.03493982446,103556.03493982446,25887953182.14765
2025-05-18,103556.03493982446,103556.03493982446,103212.36483885496,103212.36483885496,18950056010.479057
2025-05-19,103212.36483885496,106030.6376831359,103212.36483885496,106030.6376831359,30744060179.802963
2025-05-20,106030.6376831359,106030.6376831359,105629.41580436694,105629.41580436694,43339734153.75087
2025-05-21,105629.41580436694,106786.71995834043,105629.41580436694,106786.71995834043,36393687094.25122
2025-05-22,106786.71995834043,109665.86371625263,106786.71995834043,109665.86371625263,60722883113.84
2025-05-23,109665.86371625263,111560.356938144,109665.86371625263,111560.356938144,52218408239.45193
2025-05-24,111560.356938144,111560.356938144,107216.66856870624,107216.66856870624,49251745837.96465
2025-05-25,107216.66856870624,107831.36374380375,107216.66856870624,107831.36374380375,27128230116.517162
2025-05-26,107831.36374380375,108861.81037744327,107831.36374380375,108861.81037744327,29652659665.048733
2025-05-27,108861.81037744327,109377.71513263129,108861.81037744327,109377.71513263129,27950577137.918888
2025-05-28,109377.71513263129,109377.71513263129,109068.45694901445,109068.45694901445,38978783508.88622
2025-05-29,109068.45694901445,109068.45694901445,107838.18431100152,107838.18431100152,29794278037.284946
2025-05-30,107838.18431100152,107838.18431100152,105745.41660358038,105745.41660358038,38279231892.56757
2025-05-31,105745.41660358038,105745.41660358038,104010.91956242644,104010.91956242644,39680060337.610214
2025-06-01,104010.91956242644,104687.50742934884,104010.91956242644,104687.50742934884,20432694555.09522
2025-06-02,104687.50742934884,105710.00593822816,104687.50742934884,105710.00593822816,17721500507.53389
2025-06-03,105710.00593822816,105884.74263221149,105710.00593822816,105884.74263221149,26313843058.73954
2025-06-04,105884.74263221149,105884.74263221149,105434.47745144971,105434.47745144971,25925661121.080395
2025-06-05,105434.47745144971,105434.47745144971,104812.9182188067,104812.9182188067,25812143562.797962
2025-06-06,104812.9182188067,104812.9182188067,101650.7387545425,101650.7387545425,39711941132.0234
2025-06-07,101650.7387545425,104409.74967959142,101650.7387545425,104409.74967959142,29897390978.090103
2025-06-08,104409.74967959142,105681.4546141758,104409.74967959142,105681.4546141758,17749731308.73042
2025-06-09,105681.4546141758,105692.24740699006,105681.4546141758,105692.24740699006,16044679696.270103
2025-06-10,105692.24740699006,110261.57485948496,105692.24740699006,110261.57485948496,38222993297.50514
2025-06-11,110261.57485948496,110261.57485948496,110212.73252109604,110212.73252109604,36303839182.734825
2025-06-12,110212.73252109604,110212.73252109604,108679.9760916168,108679.9760916168,30338936631.626648
2025-06-13,108679.9760916168,108679.9760916168,105979.22902375912,105979.22902375912,35865159511.38857
2025-06-14,105979.22902375912,106045.56440819203,105979.22902375912,106045.56440819203,49471015505.74361
2025-06-15,106045.56440819203,106045.56440819203,105482.90611628917,105482.90611628917,17916412455.866283
2025-06-16,105482.90611628917,105554.49383061715,105482.90611628917,105554.49383061715,16568441852.649668
2025-06-17,105554.49383061715,106951.2720181497,105554.49383061715,106951.2720181497,32095957011.724205
2025-06-18,106951.2720181497,106951.2720181497,104683.42479835715,104683.42479835715,38603212010.889435
2025-06-19,104683.42479835715,104722.695052907,104683.42479835715,104722.695052907,30339326410.154945
2025-06-20,104722.695052907,104722.695052907,104690.65002458123,104690.65002458123,18063282658.152298
2025-06-21,104690.65002458123,104690.65002458123,103290.105144757,103290.105144757,30632751225.407444
2025-06-22,103290.105144757,103290.105144757,101532.5683847329,101532.5683847329,21644463198.719532
2025-06-23,101532.5683847329,101532.5683847329,100852.58264648831,100852.58264648831,51287142390.02526
2025-06-24,100852.58264648831,105511.62437933135,100852.58264648831,105511.62437933135,50011797128.6837
2025-06-25,105511.62437933135,105976.06929808448,105511.62437933135,105976.06929808448,31704641076.941063
2025-06-26,105976.06929808448,107238.53045016268,105976.06929808448,107238.53045016268,30468274982.034847
2025-06-27,107238.53045016268,107238.53045016268,106984.01253775663,106984.01253775663,24320699663.15122
2025-06-28,106984.01253775663,107078.91560644074,106984.01253775663,107078.91560644074,25194306261.888832
2025-06-29,107078.91560644074,107331.58548463577,107078.91560644074,107331.58548463577,8960877693.57604
2025-06-30,107331.58548463577,108396.61631317894,107331.58548463577,108396.61631317894,14881078675.366829
2025-07-01,108396.61631317894,108396.61631317894,107132.79910701896,107132.79910701896,22489515582.41552
2025-07-02,107132.79910701896,107132.79910701896,105613.39974163055,105613.39974163055,25033160828.30909
2025-07-03,105613.39974163055,108824.44423167943,105613.39974163055,108824.44423167943,36395184773.06136
2025-07-04,108824.44423167943,109602.20483914016,108824.44423167943,109602.20483914016,29892049537.628605
2025-07-05,109602.20483914016,109602.20483914016,108040.8919400104,108040.8919400104,24248906784.57383
2025-07-06,108040.8919400104,108217.46849992426,108040.8919400104,108217.46849992426,10042942280.966904
2025-07-07,108217.46849992426,109215.19771840284,108217.46849992426,109215.19771840284,14638669497.351297
2025-07-08,109215.19771840284,109215.19771840284,108300.71675785031,108300.71675785031,25493246475.80407
2025-07-09,108300.71675785031,108953.19187727802,108300.71675785031,108953.19187727802,20488865138.27645
2025-07-10,108953.19187727802,111327.53054245669,108953.19187727802,111327.53054245669,37078460440.66385
2025-07-11,111327.53054245669,115879.65030112496,111327.53054245669,115879.65030112496,56204086624.04028
2025-07-12,115879.65030112496,117571.02510036016,115879.65030112496,117571.02510036016,64185145923.88688
2025-07-13,117571.02510036016,117571.02510036016,117418.95745007684,117418.95745007684,24351256098.393543
2025-07-14,117418.95745007684,119117.55666327637,117418.95745007684,119117.55666327637,27310851454.97692
2025-07-15,119117.55666327637,119833.67446712355,119117.55666327637,119833.67446712355,68915956378.80447
2025-07-16,119833.67446712355,119833.67446712355,117678.19493404306,117678.19493404306,80299520980.2335
2025-07-17,117678.19493404306,118748.1627367753,117678.19493404306,118748.1627367753,50374263848.76278
2025-07-18,118748.1627367753,119445.36520434043,118748.1627367753,119445.36520434043,49282617205.72662
2025-07-19,119445.36520434043,119445.36520434043,117988.94664455787,117988.94664455787,58896449260.69391
2025-07-20,117988.94664455787,117988.94664455787,117901.62655900871,117901.62655900871,23934511126.349533
2025-07-21,117901.62655900871,117901.62655900871,117256.9208222684,117256.9208222684,36702153882.06748
2025-07-22,117256.9208222684,117482.46977767294,117256.9208222684,117482.46977767294,46344384345.39471
2025-07-23,117482.46977767294,119955.79570607653,117482.46977767294,119955.79570607653,58939000420.94166
2025-07-24,119955.79570607653,119955.79570607653,118629.05588130427,118629.05588130427,45225685167.61703
2025-07-25,118629.05588130427,118629.05588130427,118354.43517438594,118354.43517438594,51940414419.3327
2025-07-26,118354.43517438594,118354.43517438594,117540.80837085741,117540.80837085741,91617702596.10347
2025-07-27,117540.80837085741,117959.54234360624,117540.80837085741,117959.54234360624,25145925063.881348
2025-07-28,117959.54234360624,119418.91405141471,117959.54234360624,119418.91405141471,30220402191.467663
2025-07-29,119418.91405141471,119418.91405141471,118003.30201607826,118003.30201607826,43433742203.62158
2025-07-30,118003.30201607826,118003.30201607826,117853.30892863822,117853.30892863822,42860287143.68828
2025-07-31,117853.30892863822,117853.30892863822,117833.24087995925,117833.24087995925,43054424656.58649
2025-08-01,117833.24087995925,117833.24087995925,115700.00243915782,115700.00243915782,45238249453.35885
2025-08-02,115700.00243915782,115700.00243915782,113234.6051343189,113234.6051343189,65794680822.25255
2025-08-03,113234.6051343189,113234.6051343189,112554.90232221723,112554.90232221723,33543439044.09785
2025-08-04,112554.90232221723,114199.10966460757,112554.90232221723,114199.10966460757,24689273719.085533
2025-08-05,114199.10966460757,115138.68613070177,114199.10966460757,115138.68613070177,32488023582.82734
2025-08-06,115138.68613070177,115138.68613070177,114128.35408881678,114128.35408881678,37316213251.97167
2025-08-07,114128.35408881678,115022.09576830892,114128.35408881678,115022.09576830892,32052509631.058872
2025-08-08,115022.09576830892,117463.47451085235,115022.09576830892,117463.47451085235,38289687095.00489
2025-08-09,117463.47451085235,117463.47451085235,116688.36663186055,116688.36663186055,33017415812.97353
2025-08-10,116688.36663186055,116688.36663186055,116510.08393213755,116510.08393213755,27638785406.21056
2025-08-11,116510.08393213755,119266.92516880555,116510.08393213755,119266.92516880555,37157754754.85189
2025-08-12,119266.92516880555,119266.92516880555,118773.79960860992,118773.79960860992,61739781527.95854
2025-08-13,118773.79960860992,120202.53485503166,118773.79960860992,120202.53485503166,46941089789.57991
2025-08-14,120202.53485503166,123560.99363577305,120202.53485503166,123560.99363577305,61818118105.53991
2025-08-15,123560.99363577305,123560.99363577305,118405.59579823953,118405.59579823953,73822008367.99681
2025-08-16,118405.59579823953,118405.59579823953,117339.79190213277,117339.79190213277,44268714220.021
2025-08-17,117339.79190213277,117501.21653394958,117339.79190213277,117501.21653394958,23202714236.542347
2025-08-18,117501.21653394958,117542.83687778088,117501.21653394958,117542.83687778088,20906566026.645443
2025-08-19,117542.83687778088,117542.83687778088,116256.41276740946,116256.41276740946,47337926940.98573
2025-08-20,116256.41276740946,116256.41276740946,112778.34483555844,112778.34483555844,46156885037.403885
2025-08-21,112778.34483555844,114252.39755195397,112778.34483555844,114252.39755195397,42166369117.006935
2025-08-22,114252.39755195397,114252.39755195397,112414.39987336512,112414.39987336512,32048202090.65466
2025-08-23,112414.39987336512,116834.24948202295,112414.39987336512,116834.24948202295,50878158870.82928
2025-08-24,116834.24948202295,116834.24948202295,115359.98346714744,115359.98346714744,27306719885.257973
2025-08-25,115359.98346714744,115359.98346714744,113399.54847314971,113399.54847314971,40682656776.69001
2025-08-26,113399.54847314971,113399.54847314971,110185.35443900425,110185.35443900425,52854872363.936554
2025-08-27,110185.35443900425,111842.70999260596,110185.35443900425,111842.70999260596,43023800053.0546
2025-08-28,111842.70999260596,111842.70999260596,111216.08479629169,111216.08479629169,36957904262.995804
2025-08-29,111216.08479629169,112525.59740669793,111216.08479629169,112525.59740669793,34222495087.206894
2025-08-30,112525.59740669793,112525.59740669793,108480.30666639366,108480.30666639366,51702115726.38959
2025-08-31,108480.30666639366,108781.95727925687,108480.30666639366,108781.95727925687,27799981330.792213
2025-09-01,108781.95727925687,108781.95727925687,108253.36092385623,108253.36092385623,26140904019.246822
2025-09-02,108253.36092385623,109162.68557992298,108253.36092385623,109162.68557992298,42999610648.39302
2025-09-03,109162.68557992298,111190.18209845416,109162.68557992298,111190.18209845416,50235464642.845955
2025-09-04,111190.18209845416,111711.51977725117,111190.18209845416,111711.51977725117,36406080683.42747
2025-09-05,111711.51977725117,111711.51977725117,110724.736377486,110724.736377486,38708366685.43147
2025-09-06,110724.736377486,110724.736377486,110662.18112628513,110662.18112628513,56020470627.40665
2025-09-07,110662.18112628513,110662.18112628513,110209.1888247784,110209.1888247784,19340758702.076332
2025-09-08,110209.1888247784,111131.9923868407,110209.1888247784,111131.9923868407,22147049159.335133
2025-09-09,111131.9923868407,112025.12878118771,111131.9923868407,112025.12878118771,37159847899.8603
2025-09-10,112025.12878118771,112025.12878118771,111547.43956434788,111547.43956434788,45338021458.38368
2025-09-11,111547.43956434788,113975.32489468766,111547.43956434788,113975.32489468766,52205187155.05567
2025-09-12,113975.32489468766,115503.16663193036,113975.32489468766,115503.16663193036,43752917632.95067
2025-09-13,115503.16663193036,116160.14344594491,115503.16663193036,116160.14344594491,51192951485.864395
2025-09-14,116160.14344594491,116160.14344594491,115970.58488443034,115970.58488443034,30063858747.76022
2025-09-15,115970.58488443034,115970.58488443034,115373.55555886829,115373.55555886829,26889399414.610912
2025-09-16,115373.55555886829,115397.25272727509,115373.55555886829,115397.25272727509,46947581231.08198
2025-09-17,115397.25272727509,116762.8496864193,115397.25272727509,116762.8496864193,39964451595.099724
2025-09-18,116762.8496864193,116762.8496864193,116455.94648225319,116455.94648225319,54740952295.37868
2025-09-19,116455.94648225319,117145.49508952006,116455.94648225319,117145.49508952006,43642467075.25838
2025-09-20,117145.49508952006,117145.49508952006,115655.81046441344,115655.81046441344,34296721252.33001
2025-09-21,115655.81046441344,115715.51536781774,115655.81046441344,115715.51536781774,18774953731.290394
2025-09-22,115715.51536781774,115715.51536781774,115304.47999407038,115304.47999407038,18659113982.495464
2025-09-23,115304.47999407038,115304.47999407038,112696.74101711863,112696.74101711863,69152342029.46799
2025-09-24,112696.74101711863,112696.74101711863,112022.16587861195,112022.16587861195,46154878824.043465
2025-09-25,112022.16587861195,113320.56908541008,112022.16587861195,113320.56908541008,46677543220.334526
2025-09-26,113320.56908541008,113320.56908541008,108963.53013595635,108963.53013595635,74481796351.47305
2025-09-27,108963.53013595635,109710.20874667744,108963.53013595635,109710.20874667744,55257214020.568245
2025-09-28,109710.20874667744,109710.20874667744,109654.81021075726,109654.81021075726,23294896964.31016
2025-09-29,109654.81021075726,112142.57362752674,109654.81021075726,112142.57362752674,31274654338.51212
2025-09-30,112142.57362752674,114309.15041119447,112142.57362752674,114309.15041119447,57833295882.65785
2025-10-01,114309.15041119447,114309.15041119447,114024.22783550054,114024.22783550054,57718901820.70616
2025-10-02,114024.22783550054,118503.24451752483,114024.22783550054,118503.24451752483,69920179085.4708
2025-10-03,118503.24451752483,120611.71911591051,118503.24451752483,120611.71911591051,71252850672.75252
2025-10-04,120611.71911591051,122250.15186842803,120611.71911591051,122250.15186842803,83155430408.51796
2025-10-05,122250.15186842803,122380.93708463266,122250.15186842803,122380.93708463266,35161626561.80918
2025-10-06,122380.93708463266,123506.18520027678,122380.93708463266,123506.18520027678,72011486031.26575
2025-10-07,123506.18520027678,124773.50823074432,123506.18520027678,124773.50823074432,69605991064.72382
2025-10-08,124773.50823074432,124773.50823074432,121518.75593575071,121518.75593575071,76087884719.80028
2025-10-09,121518.75593575071,123352.50487523204,121518.75593575071,123352.50487523204,62576032795.36722
2025-10-10,123352.50487523204,123352.50487523204,121698.03066778315,121698.03066778315,72097306668.91356
2025-10-11,121698.03066778315,121698.03066778315,113201.74064138904,113201.74064138904,151002213089.8765
2025-10-12,113201.74064138904,113201.74064138904,110853.11663883903,110853.11663883903,108643865752.17674
2025-10-13,110853.11663883903,115189.5714637257,110853.11663883903,115189.5714637257,93857100744.12454
2025-10-14,115189.5714637257,115222.28302116522,115189.5714637257,115222.28302116522,68935270367.04033
2025-10-15,115222.28302116522,115222.28302116522,113156.56943826913,113156.56943826913,91211854988.91518
2025-10-16,113156.56943826913,113156.56943826913,110708.66960879423,110708.66960879423,68877328886.40259
2025-10-17,110708.66960879423,110708.66960879423,108076.72862033188,108076.72862033188,84773160808.27399
2025-10-18,108076.72862033188,108076.72862033188,106443.61194984635,106443.61194984635,94325236794.78163
2025-10-19,106443.61194984635,107156.00337647724,106443.61194984635,107156.00337647724,34412835719.61292
2025-10-20,107156.00337647724,108621.134857428,107156.00337647724,108621.134857428,45373692612.394394
2025-10-21,108621.134857428,110608.5714932665,108621.134857428,110608.5714932665,60452111148.140076
2025-10-22,110608.5714932665,110608.5714932665,108486.10262716639,108486.10262716639,105841401713.00197
2025-10-23,108486.10262716639,108486.10262716639,107618.4266715404,107618.4266715404,83996418125.93103
2025-10-24,107618.4266715404,110048.51827291629,107618.4266715404,110048.51827291629,56192643013.57058
2025-10-25,110048.51827291629,110997.80437129698,110048.51827291629,110997.80437129698,49120903424.344864
2025-10-26,110997.80437129698,111620.3093731354,110997.80437129698,111620.3093731354,23214874411.212166
2025-10-27,111620.3093731354,114476.01227508577,111620.3093731354,114476.01227508577,42483268634.18711
2025-10-28,114476.01227508577,114476.01227508577,114182.79442806762,114182.79442806762,63764801510.65889
2025-10-29,114182.79442806762,114182.79442806762,112950.34863259472,112950.34863259472,66299512352.17796
2025-10-30,112950.34863259472,112950.34863259472,110046.66925837283,110046.66925837283,64235327509.05742
2025-10-31,110046.66925837283,110046.66925837283,108240.76528725718,108240.76528725718,72648897659.94229
2025-11-01,108240.76528725718,109573.90555629115,108240.76528725718,109573.90555629115,58800487940.5146
2025-11-02,109573.90555629115,110014.13556776087,109573.90555629115,110014.13556776087,24938475577.849922
2025-11-03,110014.13556776087,110650.2092823146,110014.13556776087,110650.2092823146,35098774843.7742
2025-11-04,110650.2092823146,110650.2092823146,106521.08673825761,106521.08673825761,75068433317.86293
2025-11-05,106521.08673825761,106521.08673825761,101635.2740227234,101635.2740227234,108965721650.60309
2025-11-06,101635.2740227234,103877.95965955159,101635.2740227234,103877.95965955159,77083907216.62631
2025-11-07,103877.95965955159,103877.95965955159,101322.6402945857,101322.6402945857,64118217249.57436
2025-11-08,101322.6402945857,103396.084215925,101322.6402945857,103396.084215925,93627003785.31018
2025-11-09,103396.084215925,103396.084215925,102290.13714655167,102290.13714655167,51095924202.31797
2025-11-10,102290.13714655167,104709.67861656273,102290.13714655167,104709.67861656273,59952468437.71812
2025-11-11,104709.67861656273,105909.07272321742,104709.67861656273,105909.07272321742,67546556819.52642
2025-11-12,105909.07272321742,105909.07272321742,102960.77564500563,102960.77564500563,71008299178.73956
2025-11-13,102960.77564500563,102960.77564500563,101521.70859453593,101521.70859453593,63332414142.58827
2025-11-14,101521.70859453593,101521.70859453593,99730.4533956204,99730.4533956204,100463341916.4732
2025-11-15,99730.4533956204,99730.4533956204,94456.39368235337,94456.39368235337,113198323665.38873
2025-11-16,94456.39368235337,95508.31019889197,94456.39368235337,95508.31019889197,39062120798.23745
2025-11-17,95508.31019889197,95508.31019889197,94411.32947182967,94411.32947182967,72645149972.7847
2025-11-18,94411.32947182967,94411.32947182967,92036.7255045672,92036.7255045672,95794596045.06412
2025-11-19,92036.7255045672,92819.75921500899,92036.7255045672,92819.75921500899,103837258806.01602
2025-11-20,92819.75921500899,92819.75921500899,91363.27838693369,91363.27838693369,82897875507.45229
2025-11-21,91363.27838693369,91363.27838693369,86649.97257918229,86649.97257918229,99171039191.1295
2025-11-22,86649.97257918229,86649.97257918229,85051.8019295002,85051.8019295002,135093457122.46469
2025-11-23,85051.8019295002,85051.8019295002,84682.62429147748,84682.62429147748,42644968955.2184
2025-11-24,84682.62429147748,86783.84766839583,84682.62429147748,86783.84766839583,60446592409.29218
2025-11-25,86783.84766839583,88229.35740719768,86783.84766839583,88229.35740719768,77606296173.43544
2025-11-26,88229.35740719768,88229.35740719768,87310.33159950442,87310.33159950442,67956444142.18749
2025-11-27,87310.33159950442,90474.22677969698,87310.33159950442,90474.22677969698,69690430587.90018
2025-11-28,90474.22677969698,91279.06057176423,90474.22677969698,91279.06057176423,59295194347.668594
2025-11-29,91279.06057176423,91279.06057176423,90950.37695910994,90950.37695910994,62833195066.53989
2025-11-30,90950.37695910994,90950.37695910994,90841.45258193677,90841.45258193677,39253888201.69327
2025-12-01,90841.45258193677,90841.45258193677,90406.28448571145,90406.28448571145,40334819409.843475
2025-12-02,90406.28448571145,90406.28448571145,86281.49519776918,86281.49519776918,92988982967.24597
2025-12-03,86281.49519776918,91344.73275150165,86281.49519776918,91344.73275150165,83138039128.81346
2025-12-04,91344.73275150165,93619.43750817103,91344.73275150165,93619.43750817103,81429135004.88295
2025-12-05,93619.43750817103,93619.43750817103,92140.70419795791,92140.70419795791,67878296355.02588
2025-12-06,92140.70419795791,92140.70419795791,89307.09154512963,89307.09154512963,50193142876.74388
2025-12-07,89307.09154512963,89307.09154512963,89244.7620814118,89244.7620814118,24818678152.49986
2025-12-08,89244.7620814118,90162.90714007126,89244.7620814118,90162.90714007126,33912893266.90874
2025-12-09,90162.90714007126,90618.0535204608,90162.90714007126,90618.0535204608,45466493941.40448
2025-12-10,90618.0535204608,92723.21372069631,90618.0535204608,92723.21372069631,54575121853.64529
2025-12-11,92723.21372069631,92723.21372069631,92005.13714957413,92005.13714957413,52189659395.756485
2025-12-12,92005.13714957413,92494.17691640415,92005.13714957413,92494.17691640415,53232377699.408394
2025-12-13,92494.17691640415,92494.17691640415,90307.26028567803,90307.26028567803,67750393558.62937
2025-12-14,90307.26028567803,90307.26028567803,90257.4292885891,90257.4292885891,35222775785.402145
2025-12-15,90257.4292885891,90257.4292885891,88230.77409367911,88230.77409367911,33808538697.042442
2025-12-16,88230.77409367911,88230.77409367911,86413.9190195637,86413.9190195637,50630498834.055145
2025-12-17,86413.9190195637,87821.88919109134,86413.9190195637,87821.88919109134,48317754254.70281
2025-12-18,87821.88919109134,87821.88919109134,86064.94716216,86064.94716216,48886793507.656334
2025-12-19,86064.94716216,86064.94716216,85450.3312009302,85450.3312009302,58649139178.511856
2025-12-20,85450.3312009302,88103.86075721023,85450.3312009302,88103.86075721023,51932451056.500565
2025-12-21,88103.86075721023,88347.94310567998,88103.86075721023,88347.94310567998,17103607834.780054
2025-12-22,88347.94310567998,88577.42038358838,88347.94310567998,88577.42038358838,22541294542.323105
2025-12-23,88577.42038358838,88577.42038358838,88491.12020788102,88491.12020788102,41948947368.210236
2025-12-24,88491.12020788102,88491.12020788102,87406.43636737975,87406.43636737975,46353794741.509995
2025-12-25,87406.43636737975,87642.60888119951,87406.43636737975,87642.60888119951,29100645180.040016
2025-12-26,87642.60888119951,87642.60888119951,87229.78066010943,87229.78066010943,22773603342.32636
2025-12-27,87229.78066010943,87305.95655961394,87229.78066010943,87305.95655961394,47130449135.786705
2025-12-28,87305.95655961394,87807.003210775,87305.95655961394,87807.003210775,15670944599.660688
2025-12-29,87807.003210775,87822.90829076794,87807.003210775,87822.90829076794,17428479525.19913
2025-12-30,87822.90829076794,87822.90829076794,87156.56266080117,87156.56266080117,53957962807.988785
2025-12-31,87156.56266080117,88414.62856073362,87156.56266080117,88414.62856073362,39734225800.079216
2026-01-01,88414.62856073362,88414.62856073362,87520.18048742875,87520.18048742875,37245075349.02766
2026-01-02,87520.18048742875,88727.67004249741,87520.18048742875,88727.67004249741,21163124465.205833
2026-01-03,88727.67004249741,89926.27924953419,88727.67004249741,89926.27924953419,50705395175.73333
