date,open,high,low,close,volume,price_return,volume_change,volatility,rolling_max_20,breakout_strength,is_breakout,pv_divergence
2025-01-05,98084.34279280754,98256.73876849932,98084.34279280754,98256.73876849932,20979035420.980793,0.0,0.0,0.0017576299211785856,98256.73876849932,0.0,0,0
2025-01-06,98256.73876849932,98364.58946599838,98256.73876849932,98364.58946599838,20060293834.7155,0.0010976417378676384,-0.04379331879798798,0.0010976417378676126,98364.58946599838,0.0,1,1
2025-01-07,98364.58946599838,102229.39453189744,98364.58946599838,102229.39453189744,46111387334.46171,0.03929061349089458,1.2986396766862547,0.03929061349089464,102229.39453189744,0.0,1,0
2025-01-08,102229.39453189744,102229.39453189744,96952.09886774956,96952.09886774956,60610257147.15405,-0.05162209644605953,0.31443143767345516,0.051622096446059536,102229.39453189744,-0.051622096446059536,0,0
2025-01-09,96952.09886774956,96952.09886774956,95016.71440989176,95016.71440989176,65790469838.34392,-0.019962274983833184,0.08546759137835314,0.01996227498383319,102229.39453189744,-0.07055387694539453,0,0
2025-01-10,95016.71440989176,95016.71440989176,92376.275783461,92376.275783461,65850881574.76184,-0.027789201540270092,0.0009182444899140663,0.027789201540270102,102229.39453189744,-0.09638244257978165,0,0
2025-01-11,92376.275783461,94736.6267420969,92376.275783461,94736.6267420969,63433655716.757095,0.025551484281189252,-0.03670757019798465,0.025551484281189172,102229.39453189744,-0.07329367276515238,0,1
2025-01-12,94736.6267420969,94736.6267420969,94559.55167224212,94559.55167224212,17836423168.41627,-0.0018691299864078692,-0.7188176691556424,0.0018691299864078182,102229.39453189744,-0.07502580734998089,0,0
2025-01-13,94559.55167224212,94559.55167224212,94454.77089638809,94454.77089638809,19608932595.53299,-0.0011080929848019672,0.09937583395393856,0.0011080929848019537,102229.39453189744,-0.07605076476397923,0,0
2025-01-14,94454.77089638809,94456.3493746993,94454.77089638809,94456.3493746993,76328330233.31137,1.6711472551778073e-05,2.892528563778088,1.6711472551758455e-05,102229.39453189744,-0.07603532421169536,0,0
2025-01-15,94456.3493746993,96574.07768799194,94456.3493746993,96574.07768799194,51241728228.81719,0.022420179557139264,-0.32866698285960705,0.022420179557139278,102229.39453189744,-0.0553198702760676,0,1
2025-01-16,96574.07768799194,100313.15239828422,96574.07768799194,100313.15239828422,57637319739.54339,0.03871716717163309,0.12481217421409019,0.0387171671716332,102229.39453189744,-0.01874453176982597,0,0
2025-01-17,100313.15239828422,100313.15239828422,100044.57926776377,100044.57926776377,50150102497.2729,-0.0026773471284613493,-0.12990224521376748,0.0026773471284613653,102229.39453189744,-0.021371693279979037,0,0
2025-01-18,100044.57926776377,104160.69358484232,100044.57926776377,104160.69358484232,69135117732.00064,0.04114280201091147,0.37856383714789255,0.04114280201091155,104160.69358484232,0.0,1,0
2025-01-19,104160.69358484232,104334.61575724394,104160.69358484232,104334.61575724394,49416447749.13053,0.001669748601087706,-0.2852193014165203,0.0016697486010877887,104334.61575724394,0.0,1,1
2025-01-20,104334.61575724394,104334.61575724394,101275.33714814208,101275.33714814208,72970313683.92325,-0.029321798780760466,0.47664020802076257,0.02932179878076044,104334.61575724394,-0.02932179878076044,0,0
2025-01-21,101275.33714814208,101764.90860170544,101275.33714814208,101764.90860170544,120158523166.88388,0.004834063922662946,0.6466768073296236,0.004834063922662942,104334.61575724394,-0.024629478307731153,0,0
2025-01-22,101764.90860170544,106182.2368201815,101764.90860170544,106182.2368201815,95344290057.8965,0.04340718504219265,-0.20651246748866725,0.04340718504219276,106182.2368201815,0.0,1,1
2025-01-23,106182.2368201815,106182.2368201815,103673.53509537788,103673.53509537788,55030669602.56557,-0.023626378572642714,-0.42282154946930794,0.023626378572642746,106182.2368201815,-0.023626378572642746,0,0
2025-01-24,103673.53509537788,104067.60991206949,103673.53509537788,104067.60991206949,102455227371.2076,0.0038011129487294237,0.8617841307609868,0.003801112948729488,106182.2368201815,-0.019915072157437316,0,0
2025-01-25,104067.60991206949,104835.19253555956,104067.60991206949,104835.19253555956,51418786362.7815,0.007375807171305482,-0.4981340856676345,0.007375807171305584,106182.2368201815,-0.012686154718167624,0,1
2025-01-26,104835.19253555956,104835.19253555956,104796.04077738234,104796.04077738234,22740744964.719296,-0.00037346006842065016,-0.5577347002266131,0.0003734600684206346,106182.2368201815,-0.013054877014379218,0,0
2025-01-27,104796.04077738234,104796.04077738234,102552.24874280208,102552.24874280208,20639818380.26942,-0.021411038221822998,-0.09238600528299834,0.021411038221823008,106182.2368201815,-0.03418639676546616,0,0
2025-01-28,102552.24874280208,102552.24874280208,101958.46953745594,101958.46953745594,93191643783.2474,-0.005790016431870937,3.515138751043164,0.0057900164318709915,106182.2368201815,-0.03977847339831864,0,0
2025-01-29,101958.46953745594,101958.46953745594,101313.11264498268,101313.11264498268,45780526813.56264,-0.006329605528613502,-0.5087485856559988,0.006329605528613513,106182.2368201815,-0.04585629688179035,0,0
2025-01-30,101313.11264498268,103718.97939813643,101313.11264498268,103718.97939813643,47425401641.53094,0.023746844710854864,0.03592957404502828,0.023746844710854868,106182.2368201815,-0.023198394532002214,0,0
2025-01-31,103718.97939813643,104781.5135100103,103718.97939813643,104781.5135100103,42122570869.034325,0.010244355642907266,-0.11181414577315596,0.010244355642907179,106182.2368201815,-0.013191691493025336,0,1
2025-02-01,104781.5135100103,104781.5135100103,102382.39409722164,102382.39409722164,37187819228.35328,-0.022896399683704383,-0.11715219510280994,0.022896399683704417,106182.2368201815,-0.035786048935801326,0,0
2025-02-02,102382.39409722164,102382.39409722164,100674.78762544956,100674.78762544956,22827776122.48367,-0.016678712065968493,-0.3861491048370219,0.016678712065968503,106182.2368201815,-0.05186789579559094,0,0
2025-02-03,100674.78762544956,100674.78762544956,97568.31653024876,97568.31653024876,59784234332.21204,-0.030856495141148077,1.6189250328825944,0.03085649514114811,106182.2368201815,-0.08112392946214082,0,0
2025-02-04,97568.31653024876,101466.8606657039,97568.31653024876,101466.8606657039,122163969235.23686,0.0399570708411936,1.0434144653653998,0.039957070841193536,106182.2368201815,-0.04440833321738203,0,0
2025-02-05,101466.8606657039,101466.8606657039,98118.43921664466,98118.43921664466,73196693057.98114,-0.033000148295620035,-0.4008323934118837,0.033000148295620015,106182.2368201815,-0.07594299993126713,0,0
2025-02-06,98118.43921664466,98118.43921664466,96582.88682919052,96582.88682919052,48848958931.79228,-0.01564998790964922,-0.33263434602028186,0.015649987909649207,106182.2368201815,-0.09040448081016952,0,0
2025-02-07,96582.88682919052,96635.41875332213,96582.88682919052,96635.41875332213,44462180396.17251,0.0005439050939168855,-0.08980290740167107,0.0005439050939169691,106182.2368201815,-0.08990974717387812,0,1
2025-02-08,96635.41875332213,96635.41875332213,96558.4563096667,96558.4563096667,57077722340.22422,-0.0007964206566113408,0.28373646617514314,0.0007964206566113081,106182.2368201815,-0.09063456185060945,0,0
2025-02-09,96558.4563096667,96558.4563096667,96558.23762501092,96558.23762501092,20760850644.84597,-2.264790305628317e-06,-0.6362705133695352,2.264790305604495e-06,106182.2368201815,-0.09063662137263802,0,0
2025-02-10,96558.23762501092,96558.23762501092,96548.57865379583,96548.57865379583,25457107581.051964,-0.00010003259641711004,0.22620734653624952,0.00010003259641709803,106182.2368201815,-0.09072758735248874,0,0
2025-02-11,96548.57865379583,97399.98161383196,96548.57865379583,97399.98161383196,37054987393.57789,0.008818389373592916,0.45558513572682413,0.008818389373592828,104835.19253555956,-0.07092285273578923,0,0
2025-02-12,97399.98161383196,97399.98161383196,95739.9773707924,95739.9773707924,36454577154.5622,-0.01704316793016536,-0.01620322340521818,0.017043167930165345,104835.19253555956,-0.08675727057669214,0,0
2025-02-13,95739.9773707924,97836.18856127484,95739.9773707924,97836.18856127484,47115618235.19051,0.021894836911899418,0.2924472566346612,0.02189483691189943,104835.19253555956,-0.06676196995499091,0,0
2025-02-14,97836.18856127484,97836.18856127484,96561.6639990985,96561.6639990985,29084371910.690556,-0.013027128109943775,-0.3827021060085013,0.013027128109943805,104796.04077738234,-0.07857526598524922,0,0
2025-02-15,96561.6639990985,97488.48148536457,96561.6639990985,97488.48148536457,32289906944.92862,0.009598192987589016,0.11021503383608588,0.009598192987588945,104781.5135100103,-0.06960227792423519,0,0
2025-02-16,97488.48148536457,97569.95169430463,97488.48148536457,97569.95169430463,14215311318.346336,0.0008356906138937692,-0.5597599168498391,0.0008356906138936813,104781.5135100103,-0.0688247532807084,0,1
2025-02-17,97569.95169430463,97569.95169430463,96149.3484548204,96149.3484548204,13634794998.739267,-0.014559843628242364,-0.04083739755019311,0.014559843628242329,104781.5135100103,-0.08238251926343126,0,0
2025-02-18,96149.3484548204,96149.3484548204,95776.15723852724,95776.15723852724,25324374113.08163,-0.0038813702046927023,0.8573344238342588,0.0038813702046926885,104781.5135100103,-0.08594413241246734,0,0
2025-02-19,95776.15723852724,95776.15723852724,95495.89153299289,95495.89153299289,38311133144.729355,-0.0029262575740679475,0.5128165842779604,0.002926257574067904,104781.5135100103,-0.08861889531811658,0,0
2025-02-20,95495.89153299289,96554.87156259285,95495.89153299289,96554.87156259285,27703222487.389572,0.011089273188617632,-0.2768884600010627,0.011089273188617672,102382.39409722164,-0.05691918601839897,0,1
2025-02-21,96554.87156259285,98384.31738240314,96554.87156259285,98384.31738240314,24175261969.81266,0.018947214057701167,-0.1273483804702803,0.01894721405770122,101466.8606657039,-0.030379803445940986,0,1
2025-02-22,98384.31738240314,98384.31738240314,96135.15541305284,96135.15541305284,42477472950.92155,-0.022860980582994683,0.7570636051002311,0.022860980582994656,101466.8606657039,-0.05254627193224279,0,0
2025-02-23,96135.15541305284,96564.15414290236,96135.15541305284,96564.15414290236,18464415570.762142,0.004462454218816081,-0.565312757844707,0.004462454218816164,101466.8606657039,-0.048318303046293726,0,1
2025-02-24,96564.15414290236,96564.15414290236,96327.46309127836,96327.46309127836,16643044374.983364,-0.002451127478150239,-0.09864223369532832,0.0024511274781502295,98384.31738240314,-0.020906322733633808,0,0
2025-02-25,96327.46309127836,96327.46309127836,91396.76686930266,91396.76686930266,45539703844.38777,-0.051186816965203885,1.7362604351905593,0.05118681696520387,98384.31738240314,-0.07102301158365569,0,0
2025-02-26,91396.76686930266,91396.76686930266,88755.7693356979,88755.7693356979,96742453402.56294,-0.02889596234165903,1.1243540303454411,0.028895962341659087,98384.31738240314,-0.09786669565720224,0,0
2025-02-27,88755.7693356979,88755.7693356979,83900.11496524839,83900.11496524839,69277430795.68657,-0.05470804215649505,-0.2838983470120343,0.054708042156495065,98384.31738240314,-0.1472206425019662,0,0
2025-02-28,83900.11496524839,84709.14477847965,83900.11496524839,84709.14477847965,81960688217.70384,0.00964277359532062,0.18307921174823605,0.009642773595320602,98384.31738240314,-0.1389974842308497,0,0
2025-03-01,84709.14477847965,84709.14477847965,84441.9012237131,84441.9012237131,80695237175.07367,-0.0031548371249103813,-0.015439731780544363,0.0031548371249103323,98384.31738240314,-0.14171380693223942,0,0
2025-03-02,84441.9012237131,86005.25629681018,84441.9012237131,86005.25629681018,30634474722.6359,0.01851397292625223,-0.6203682423514987,0.018513972926252228,98384.31738240314,-0.1258235195908068,0,1
2025-03-03,86005.25629681018,94261.5328653844,86005.25629681018,94261.5328653844,61859112550.80991,0.09599734858159392,1.0192646719384433,0.095997348581594,98384.31738240314,-0.0419048952791345,0,0
2025-03-04,94261.5328653844,94261.5328653844,86124.71418722175,86124.71418722175,68715362745.4567,-0.08632173094175022,0.11083654310454572,0.0863217309417502,98384.31738240314,-0.12460932312545704,0,0
2025-03-05,86124.71418722175,87310.80531078295,86124.71418722175,87310.80531078295,65863356680.42408,0.013771785889272525,-0.04150463522396508,0.013771785889272414,98384.31738240314,-0.11255363015407559,0,1
2025-03-06,87310.80531078295,90604.08098523636,87310.80531078295,90604.08098523636,51606642859.81411,0.03771899323034522,-0.21645896199589465,0.037718993230345235,98384.31738240314,-0.0790800465375627,0,1
2025-03-07,90604.08098523636,90604.08098523636,90001.40087607042,90001.40087607042,47555759124.64708,-0.006651798711629242,-0.07849539343551137,0.006651798711629207,98384.31738240314,-0.08520582069751778,0,0
2025-03-08,90001.40087607042,90001.40087607042,86773.33597555371,86773.33597555371,63216440874.73251,-0.03586682950592812,0.3293119916146783,0.035866829505928115,98384.31738240314,-0.11801658755957534,0,0
2025-03-09,86773.33597555371,86773.33597555371,86142.9833586432,86142.9833586432,18809360803.37126,-0.0072643584555524,-0.702460933530832,0.007264358455552396,98384.31738240314,-0.1244236312193939,0,0
2025-03-10,86142.9833586432,86142.9833586432,80751.13893300897,80751.13893300897,32013406240.51754,-0.06259180046256474,0.7019933093515689,0.06259180046256478,98384.31738240314,-0.17922753258384663,0,0
2025-03-11,80751.13893300897,80751.13893300897,78783.94057934263,78783.94057934263,49983692766.22745,-0.024361245917513652,0.561336284889483,0.0243612459175137,98384.31738240314,-0.19922257250489603,0,0
2025-03-12,78783.94057934263,82799.1080292053,78783.94057934263,82799.1080292053,56404462275.083046,0.050964288157419935,0.12845728583691063,0.050964288157419935,98384.31738240314,-0.15841152094007813,0,0
2025-03-13,82799.1080292053,83884.24578828987,82799.1080292053,83884.24578828987,41782186208.59073,0.013105669673419973,-0.25923970332666,0.013105669673419978,96564.15414290236,-0.13131071738947642,0,1
2025-03-14,83884.24578828987,83884.24578828987,81098.90052436228,81098.90052436228,32583592654.882656,-0.033204629042709044,-0.2201558699629933,0.03320462904270904,96564.15414290236,-0.16015522277193586,0,0
2025-03-15,81098.90052436228,83971.70916064628,81098.90052436228,83971.70916064628,28571483950.07465,0.03542352137586624,-0.1231327910124359,0.03542352137586623,96327.46309127836,-0.12826823767718215,0,1
2025-03-16,83971.70916064628,84391.69087647168,83971.70916064628,84391.69087647168,10761796127.312485,0.00500146680380098,-0.6233378656104291,0.005001466803800955,94261.5328653844,-0.1047069964691527,0,1
2025-03-17,84391.69087647168,84391.69087647168,82610.61750343916,82610.61750343916,21638031633.118767,-0.02110484284098013,1.0106338549011684,0.021104842840980177,94261.5328653844,-0.12360201460530033,0,0
2025-03-18,82610.61750343916,84075.36559694471,82610.61750343916,84075.36559694471,19659366246.596867,0.017730748634636084,-0.09144387160860745,0.017730748634636112,94261.5328653844,-0.10806282222236542,0,1
2025-03-19,84075.36559694471,84075.36559694471,82780.03048688271,82780.03048688271,24557570268.85276,-0.015406832915503599,0.2491537092709586,0.015406832915503587,94261.5328653844,-0.12180474929151126,0,0
2025-03-20,82780.03048688271,86815.44109470697,82780.03048688271,86815.44109470697,33871216993.304657,0.0487486001646702,0.3792576636241871,0.048748600164670294,94261.5328653844,-0.07899396014821077,0,0
2025-03-21,86815.44109470697,86815.44109470697,84270.84358966233,84270.84358966233,27579127651.06656,-0.0293104253455182,-0.18576508022967875,0.02931042534551822,94261.5328653844,-0.10598903892205801,0,0
2025-03-22,84270.84358966233,84270.84358966233,84009.532917822,84009.532917822,18091004975.919056,-0.0031008431945065418,-0.34403273356547126,0.0031008431945065305,94261.5328653844,-0.10876122672653078,0,0
2025-03-23,84009.532917822,84009.532917822,83793.30854192551,83793.30854192551,7771134681.982918,-0.0025738076190472414,-0.5704420681810061,0.0025738076190472445,90604.08098523636,-0.07517070279009447,0,0
2025-03-24,83793.30854192551,85787.70914901773,83793.30854192551,85787.70914901773,12617587530.619724,0.023801430469765128,0.6236480317183442,0.023801430469765156,90604.08098523636,-0.053158442576151134,0,0
2025-03-25,85787.70914901773,87327.72969669085,85787.70914901773,87327.72969669085,27270889835.1835,0.017951528988820797,1.16133946120872,0.017951528988820818,90604.08098523636,-0.036161188910236654,0,0
2025-03-26,87327.72969669085,87520.58391530563,87327.72969669085,87520.58391530563,30351832942.705593,0.0022083961106582617,0.1129755254097804,0.0022083961106581975,90001.40087607042,-0.027564203852568997,0,0
2025-03-27,87520.58391530563,87520.58391530563,86960.8555491039,86960.8555491039,25522877558.70056,-0.0063953911315695056,-0.1590993002999368,0.006395391131569489,87520.58391530563,-0.006395391131569489,0,0
2025-03-28,86960.8555491039,87227.27158032371,86960.8555491039,87227.27158032371,24620445368.489468,0.0030636316712566725,-0.03535777610246227,0.0030636316712566274,87520.58391530563,-0.0033513525831336123,0,1
2025-03-29,87227.27158032371,87227.27158032371,84359.46915506005,84359.46915506005,31674486232.097313,-0.03287736017998477,0.28651150529697467,0.032877360179984785,87520.58391530563,-0.03611852913715259,0,0
2025-03-30,84359.46915506005,84359.46915506005,82679.17255385047,82679.17255385047,16837439419.924389,-0.01991829273037571,-0.4684226510716949,0.0199182927303757,87520.58391530563,-0.05531740243118388,0,0
2025-03-31,82679.17255385047,82679.17255385047,82356.38111183756,82356.38111183756,13428975108.070734,-0.0039041445631627925,-0.2024336496094702,0.003904144563162737,87520.58391530563,-0.05900557985839663,0,0
2025-04-01,82356.38111183756,82514.09365397849,82356.38111183756,82514.09365397849,30326148749.91535,0.001915000878034645,1.258262339892902,0.001915000878034698,87520.58391530563,-0.05720357471759971,0,0
2025-04-02,82514.09365397849,85237.5876052852,82514.09365397849,85237.5876052852,29172899851.734768,0.03300640933811416,-0.038028201592323896,0.033006409338114225,87520.58391530563,-0.02608524998221798,0,1
2025-04-03,85237.5876052852,85237.5876052852,82526.4221526433,82526.4221526433,46332905657.77597,-0.03180715842401194,0.5882173487467268,0.03180715842401192,87520.58391530563,-0.05706271072751553,0,0
2025-04-04,82526.4221526433,83163.98757387721,82526.4221526433,83163.98757387721,36594464539.14662,0.0077255914482110555,-0.21018412250160623,0.007725591448211027,87520.58391530563,-0.049777962469312736,0,1
2025-04-05,83163.98757387721,83852.00765399594,83163.98757387721,83852.00765399594,35647289400.47406,0.008273053038823308,-0.02588301675132665,0.008273053038823338,87520.58391530563,-0.04191672515416258,0,1
2025-04-06,83852.00765399594,83852.00765399594,83595.88550177493,83595.88550177493,14910400035.531416,-0.00305445462054843,-0.5817241566946987,0.0030544546205484367,87520.58391530563,-0.04484314703988563,0,0
2025-04-07,83595.88550177493,83595.88550177493,78211.48358199988,78211.48358199988,36140377231.68329,-0.06440989155693222,1.423836861892433,0.06440989155693222,87520.58391530563,-0.10636469635890725,0,0
2025-04-08,78211.48358199988,79179.29226757778,78211.48358199988,79179.29226757778,82909748172.59216,0.012374253002926494,1.2941030095255188,0.012374253002926472,87520.58391530563,-0.09530662701930535,0,0
2025-04-09,79179.29226757778,79179.29226757778,76329.090356324,76329.090356324,47812787635.22632,-0.03599680964085705,-0.4233152471323993,0.03599680964085705,87520.58391530563,-0.1278727021498363,0,0
2025-04-10,76329.090356324,82622.17029546302,76329.090356324,82622.17029546302,87408220482.11568,0.08244667805893258,0.8281347899848706,0.08244667805893255,87520.58391530563,-0.05596870359757708,0,0
2025-04-11,82622.17029546302,82622.17029546302,79596.35732250768,79596.35732250768,41213520154.25157,-0.03662228869242723,-0.528493774076042,0.036622288692427236,87520.58391530563,-0.09054129026911296,0,0
2025-04-12,79596.35732250768,83439.28818043756,79596.35732250768,83439.28818043756,39813566443.76779,0.04828023526703795,-0.033968311982187305,0.04828023526703784,87520.58391530563,-0.04663240979764906,0,1
2025-04-13,83439.28818043756,85305.09728392666,83439.28818043756,85305.09728392666,22428929482.06912,0.02236127781260877,-0.4366510844049233,0.02236127781260888,87520.58391530563,-0.025313892255596833,0,1
2025-04-14,85305.09728392666,85305.09728392666,83600.82010054543,83600.82010054543,28731125717.934357,-0.01997860898873105,0.2809851553951137,0.019978608988730998,87520.58391530563,-0.0447867648889704,0,0
2025-04-15,83600.82010054543,84523.4524914945,83600.82010054543,84523.4524914945,33155578229.343513,0.011036164356275968,0.15399509768067854,0.011036164356275918,87227.27158032371,-0.030997405282124118,0,0
2025-04-16,84523.4524914945,84523.4524914945,83656.49248858042,83656.49248858042,25084671427.622566,-0.010257034909942009,-0.24342530677320517,0.010257034909942028,87227.27158032371,-0.040936498723969775,0,0
2025-04-17,83656.49248858042,84105.77942167096,83656.49248858042,84105.77942167096,26948109141.803364,0.005370616430659725,0.07428591279568564,0.005370616430659796,85305.09728392666,-0.0140591582501094,0,0
2025-04-18,84105.77942167096,84930.90857600998,84105.77942167096,84930.90857600998,19323821375.14309,0.009810611827305804,-0.28292477689401474,0.009810611827305887,85305.09728392666,-0.004386475367014001,0,1
2025-04-19,84930.90857600998,84930.90857600998,84433.75017215389,84433.75017215389,9550691272.782003,-0.005853680505621295,-0.5057555600742929,0.005853680505621337,85305.09728392666,-0.01021447884729106,0,0
2025-04-20,84433.75017215389,85126.66244301842,84433.75017215389,85126.66244301842,12635983530.804457,0.008206579353063681,0.32304386875273217,0.00820657935306362,85305.09728392666,-0.0020917254254379236,0,0
2025-04-21,85126.66244301842,85126.66244301842,85073.16544858096,85073.16544858096,12625843856.313684,-0.000628439937643166,-0.0008024444212081372,0.0006284399376431582,85305.09728392666,-0.0027188508392851527,0,0
2025-04-22,85073.16544858096,87452.04699068287,85073.16544858096,87452.04699068287,40070025414.28289,0.02796277215686449,2.1736512719698697,0.02796277215686454,87452.04699068287,0.0,1,0
2025-04-23,87452.04699068287,93576.1658857398,87452.04699068287,93576.1658857398,53841992235.36636,0.07002830815051597,0.3436974815637246,0.07002830815051587,93576.1658857398,0.0,1,0
2025-04-24,93576.1658857398,93605.45230873208,93576.1658857398,93605.45230873208,39901515879.65954,0.0003129688282810239,-0.2589145716370792,0.0003129688282809653,93605.45230873208,0.0,1,1
2025-04-25,93605.45230873208,93872.81422867288,93605.45230873208,93872.81422867288,30031246761.093452,0.002856264387879559,-0.24736576796566312,0.0028562643878796514,93872.81422867288,0.0,1,1
2025-04-26,93872.81422867288,94773.11200643536,93872.81422867288,94773.11200643536,39336184715.04292,0.009590612417023747,0.30984187995832224,0.009590612417023777,94773.11200643536,0.0,1,0
2025-04-27,94773.11200643536,94773.11200643536,94644.06637120109,94644.06637120109,15445392739.787264,-0.0013616270744123415,-0.6073489879184789,0.001361627074412318,94773.11200643536,-0.001361627074412318,0,0
2025-04-28,94644.06637120109,94644.06637120109,93809.33781968225,93809.33781968225,15926259371.05796,-0.008819660687918618,0.03113333790677819,0.008819660687918604,94773.11200643536,-0.010169278673551121,0,0
2025-04-29,93809.33781968225,95030.60645474444,93809.33781968225,95030.60645474444,31913814736.53902,0.013018625474253698,1.0038487376724814,0.013018625474253795,95030.60645474444,0.0,1,0
2025-04-30,95030.60645474444,95030.60645474444,94256.35946318062,94256.35946318062,25882629766.278942,-0.008147343476467617,-0.18898351764118015,0.008147343476467592,95030.60645474444,-0.008147343476467592,0,0
2025-05-01,94256.35946318062,94256.35946318062,94235.75331048168,94235.75331048168,26541700309.366142,-0.00021861816875057283,0.02546381681608989,0.00021861816875057055,95030.60645474444,-0.008364180487907156,0,0
2025-05-02,94235.75331048168,96426.94522273028,94235.75331048168,96426.94522273028,30207566405.46883,0.023252235327595905,0.138117228865291,0.023252235327595957,96426.94522273028,0.0,1,0
2025-05-03,96426.94522273028,96855.5681343944,96426.94522273028,96855.5681343944,23276376191.483967,0.004445053306148639,-0.22945212205939336,0.004445053306148721,96855.5681343944,0.0,1,1
2025-05-04,96855.5681343944,96855.5681343944,95922.86842404422,95922.86842404422,13797554863.642817,-0.009629799590416765,-0.40722925466847915,0.009629799590416804,96855.5681343944,-0.009629799590416804,0,0
2025-05-05,95922.86842404422,95922.86842404422,94326.62048529249,94326.62048529249,14903122945.616686,-0.016640952934134923,0.08012782648084205,0.016640952934134933,96855.5681343944,-0.026110503482802458,0,0
2025-05-06,94326.62048529249,94758.8237105546,94326.62048529249,94758.8237105546,24086456278.20385,0.004581985690131907,0.6162019441226023,0.004581985690131912,96855.5681343944,-0.021648155745990886,0,0
2025-05-07,94758.8237105546,96854.53198815876,94758.8237105546,96854.53198815876,23348052607.071873,0.022116233565811383,-0.03065638475844068,0.02211623356581131,96855.5681343944,-1.069784892697119e-05,0,1
2025-05-08,96854.53198815876,97026.493769668,96854.53198815876,97026.493769668,64376174032.08048,0.0017754644824494736,1.7572395486457673,0.0017754644824494,97026.493769668,0.0,1,0
2025-05-09,97026.493769668,103076.27555512934,97026.493769668,103076.27555512934,50020047720.65604,0.06235185412164812,-0.22300372035576976,0.06235185412164811,103076.27555512934,0.0,1,1
2025-05-10,103076.27555512934,103076.27555512934,102962.540456923,102962.540456923,40800894903.23446,-0.0011034071380033872,-0.18430915677864257,0.0011034071380034115,103076.27555512934,-0.0011034071380034115,0,0
2025-05-11,102962.540456923,104630.8792994166,102962.540456923,104630.8792994166,21558992540.04244,0.016203357406391783,-0.47160490986354897,0.016203357406391797,104630.8792994166,0.0,1,1
2025-05-12,104630.8792994166,104630.8792994166,103994.061616746,103994.061616746,27389436049.454792,-0.006086326397470643,0.2704413714408602,0.006086326397470644,104630.8792994166,-0.006086326397470644,0,0
2025-05-13,103994.061616746,103994.061616746,102876.8304286011,102876.8304286011,43090605819.36596,-0.010743221014506421,0.5732564095719566,0.010743221014506397,104630.8792994166,-0.01676416066232259,0,0
2025-05-14,102876.8304286011,104184.49039270742,102876.8304286011,104184.49039270742,33861432519.50822,0.01271092780228944,-0.2141806346038868,0.012710927802289442,104630.8792994166,-0.00426632089587791,0,1
2025-05-15,104184.49039270742,104184.49039270742,103594.42575090707,103594.42575090707,28398245846.798244,-0.005663651466510822,-0.16133950238409223,0.005663651466510872,104630.8792994166,-0.009905809407790237,0,0
2025-05-16,103594.42575090707,103708.8513642364,103594.42575090707,103708.8513642364,31823340473.339912,0.0011045537682159434,0.1206093730232225,0.0011045537682158725,104630.8792994166,-0.008812197138682967,0,0
2025-05-17,103708.8513642364,103708.8513642364,103556.03493982446,103556.03493982446,25887953182.14765,-0.0014735138071796383,-0.1865105046456279,0.0014735138071796056,104630.8792994166,-0.010272726051707134,0,0
2025-05-18,103556.03493982446,103556.03493982446,103212.36483885496,103212.36483885496,18950056010.479057,-0.00331868732874141,-0.26799713066744,0.003318687328741382,104630.8792994166,-0.013557321414669084,0,0
2025-05-19,103212.36483885496,106030.6376831359,103212.36483885496,106030.6376831359,30744060179.802963,0.027305573791290394,0.6223730506549439,0.027305573791290307,106030.6376831359,0.0,1,0
2025-05-20,106030.6376831359,106030.6376831359,105629.41580436694,105629.41580436694,43339734153.75087,-0.003784018351072893,0.40969455238779817,0.003784018351072909,106030.6376831359,-0.003784018351072909,0,0
2025-05-21,105629.41580436694,106786.71995834044,105629.41580436694,106786.71995834044,36393687094.25122,0.010956267675634068,-0.16026972004161444,0.010956267675634094,106786.71995834044,0.0,1,1
2025-05-22,106786.71995834044,109665.86371625264,106786.71995834044,109665.86371625264,60722883113.84,0.026961627429285207,0.6685004450519616,0.026961627429285297,109665.86371625264,0.0,1,0
2025-05-23,109665.86371625264,111560.356938144,109665.86371625264,111560.356938144,52218408239.45193,0.017275140665404587,-0.1400538715930918,0.017275140665404646,111560.356938144,0.0,1,1
2025-05-24,111560.356938144,111560.356938144,107216.66856870624,107216.66856870624,49251745837.96465,-0.0389357697362529,-0.056812578198159436,0.03893576973625292,111560.356938144,-0.03893576973625292,0,0
2025-05-25,107216.66856870624,107831.36374380375,107216.66856870624,107831.36374380375,27128230116.51716,0.005733205324353063,-0.44919251784967296,0.005733205324353145,111560.356938144,-0.03342579117425945,0,1
2025-05-26,107831.36374380375,108861.81037744328,107831.36374380375,108861.81037744328,29652659665.048733,0.009556093866045945,0.09305544584696523,0.009556093866045898,111560.356938144,-0.024189117306221624,0,0
2025-05-27,108861.81037744328,109377.71513263127,108861.81037744328,109377.71513263127,27950577137.918888,0.004739079328180074,-0.05740066983387904,0.004739079328179997,111560.356938144,-0.019564672123834465,0,1
2025-05-28,109377.71513263127,109377.71513263127,109068.45694901443,109068.45694901443,38978783508.88622,-0.00282743320466905,0.3945609536629575,0.002827433204669097,111560.356938144,-0.022336787524902167,0,0
2025-05-29,109068.45694901443,109068.45694901443,107838.18431100152,107838.18431100152,29794278037.284943,-0.011279820696354248,-0.2356283250734963,0.011279820696354264,111560.356938144,-0.03336465326304297,0,0
2025-05-30,107838.18431100152,107838.18431100152,105745.41660358038,105745.41660358038,38279231892.56757,-0.019406555486743637,0.28478467726804624,0.019406555486743644,111560.356938144,-0.05212371575494141,0,0
2025-05-31,105745.41660358038,105745.41660358038,104010.91956242644,104010.91956242644,39680060337.610214,-0.016402574190579222,0.036594998796583234,0.016402574190579267,111560.356938144,-0.06767132683076159,0,0
2025-06-01,104010.91956242644,104687.50742934884,104010.91956242644,104687.50742934884,20432694555.09522,0.006504969572125763,-0.4850639242670616,0.006504969572125759,111560.356938144,-0.061606557180575304,0,1
2025-06-02,104687.50742934884,105710.00593822816,104687.50742934884,105710.00593822816,17721500507.53389,0.00976714924241917,-0.13268901173317105,0.009767149242419193,111560.356938144,-0.05244112837645042,0,1
2025-06-03,105710.00593822816,105884.74263221148,105710.00593822816,105884.74263221148,26313843058.73954,0.0016529815927304181,0.48485412099008274,0.001652981592730429,111560.356938144,-0.05087483100362828,0,0
2025-06-04,105884.74263221148,105884.74263221148,105434.47745144973,105434.47745144973,25925661121.080395,-0.004252408511070782,-0.014752004744902458,0.004252408511070743,111560.356938144,-0.05491089895033991,0,0
2025-06-05,105434.47745144973,105434.47745144973,104812.9182188067,104812.9182188067,25812143562.79796,-0.005895218031779392,-0.004378579113268333,0.005895218031779349,111560.356938144,-0.060482405260486004,0,0
2025-06-06,104812.9182188067,104812.9182188067,101650.7387545425,101650.7387545425,39711941132.0234,-0.030169749282839997,0.5384983829571861,0.030169749282839945,111560.356938144,-0.08882741554059397,0,0
2025-06-07,101650.7387545425,104409.74967959142,101650.7387545425,104409.74967959142,29897390978.090103,0.0271420646701952,-0.24714355113754238,0.027142064670195285,111560.356938144,-0.06409631032748779,0,1
2025-06-08,104409.74967959142,105681.4546141758,104409.74967959142,105681.4546141758,17749731308.73042,0.012179944291476064,-0.40631169717323934,0.012179944291476064,111560.356938144,-0.05269705552508969,0,1
2025-06-09,105681.4546141758,105692.24740699006,105681.4546141758,105692.24740699006,16044679696.270103,0.00010212570269452215,-0.0960606998947452,0.00010212570269459717,111560.356938144,-0.052600311546220524,0,1
2025-06-10,105692.24740699006,110261.57485948496,105692.24740699006,110261.57485948496,38222993297.50514,0.04323238046873712,1.382284596581309,0.04323238046873717,111560.356938144,-0.011641967759023673,0,0
2025-06-11,110261.57485948496,110261.57485948496,110212.73252109604,110212.73252109604,36303839182.734825,-0.00044296790111297835,-0.0502094145226345,0.00044296790111297016,111560.356938144,-0.012079778642113605,0,0
2025-06-12,110212.73252109604,110212.73252109604,108679.9760916168,108679.9760916168,30338936631.626648,-0.013907253675847775,-0.16430500700170936,0.013907253675847763,110261.57485948496,-0.014344061109989696,0,0
2025-06-13,108679.9760916168,108679.9760916168,105979.22902375912,105979.22902375912,35865159511.38857,-0.02485045695612742,0.18214952444975108,0.02485045695612741,110261.57485948496,-0.03883806159292724,0,0
2025-06-14,105979.22902375912,106045.56440819205,105979.22902375912,106045.56440819205,49471015505.74361,0.0006259281657734483,0.37936136851795266,0.0006259281657734404,110261.57485948496,-0.03823644326380886,0,0
2025-06-15,106045.56440819205,106045.56440819205,105482.90611628916,105482.90611628916,17916412455.866283,-0.00530581637282912,-0.6378402126435796,0.005305816372829096,110261.57485948496,-0.04333938408993009,0,0
2025-06-16,105482.90611628916,105554.49383061715,105482.90611628916,105554.49383061715,16568441852.649668,0.0006786664964375522,-0.07523663604737207,0.00067866649643756,110261.57485948496,-0.0426901305814506,0,1
2025-06-17,105554.49383061715,106951.2720181497,105554.49383061715,106951.2720181497,32095957011.724205,0.013232768561933117,0.9371741348503051,0.013232768561933037,110261.57485948496,-0.030022270637380603,0,0
2025-06-18,106951.2720181497,106951.2720181497,104683.42479835715,104683.42479835715,38603212010.889435,-0.021204490390798636,0.20274375980713777,0.02120449039079861,110261.57485948496,-0.05059015407893892,0,0
2025-06-19,104683.42479835715,104722.695052907,104683.42479835715,104722.695052907,30339326410.154945,0.0003751334523636185,-0.21407248698381265,0.00037513345236354125,110261.57485948496,-0.05023399868573062,0,1
2025-06-20,104722.695052907,104722.695052907,104690.65002458123,104690.65002458123,18063282658.152294,-0.00030599888887106186,-0.4046247957533332,0.0003059988888710076,110261.57485948496,-0.050524626026820244,0,0
2025-06-21,104690.65002458123,104690.65002458123,103290.105144757,103290.105144757,30632751225.407444,-0.013377936611296048,0.6958573812486024,0.013377936611296066,110261.57485948496,-0.06322664739382007,0,0
2025-06-22,103290.105144757,103290.105144757,101532.5683847329,101532.5683847329,21644463198.719532,-0.017015538492878735,-0.29342085405743246,0.017015538492878696,110261.57485948496,-0.07916635043419355,0,0
2025-06-23,101532.5683847329,101532.5683847329,100852.58264648831,100852.58264648831,51287142390.02526,-0.006697217937676414,1.3695271127379756,0.006697217937676426,110261.57485948496,-0.08533337406968172,0,0
2025-06-24,100852.58264648831,105511.62437933136,100852.58264648831,105511.62437933136,50011797128.6837,0.046196553529760154,-0.024866763908250045,0.046196553529760064,110261.57485948496,-0.04307892832300674,0,1
2025-06-25,105511.62437933136,105976.06929808448,105511.62437933136,105976.06929808448,31704641076.941063,0.0044018364941795785,-0.3660567526625188,0.004401836494179627,110261.57485948496,-0.03886671822764948,0,1
2025-06-26,105976.06929808448,107238.53045016268,105976.06929808448,107238.53045016268,30468274982.034847,0.011912700295830136,-0.038996375701140784,0.011912700295830131,110261.57485948496,-0.027417025497547813,0,1
2025-06-27,107238.53045016268,107238.53045016268,106984.01253775664,106984.01253775664,24320699663.15122,-0.002373381202983915,-0.20176972022565942,0.0023733812029839477,110261.57485948496,-0.02972533564757415,0,0
2025-06-28,106984.01253775664,107078.91560644074,106984.01253775664,107078.91560644074,25194306261.888832,0.0008870771102420516,0.03592029056882895,0.0008870771102421182,110261.57485948496,-0.028864627202179256,0,0
2025-06-29,107078.91560644074,107331.58548463575,107078.91560644074,107331.58548463575,8960877693.57604,0.002359660412734055,-0.6443292543787535,0.002359660412734072,110261.57485948496,-0.026573077507582494,0,1
2025-06-30,107331.58548463575,108396.61631317894,107331.58548463575,108396.61631317894,14881078675.366829,0.009922809056944759,0.6606719993550318,0.009922809056944738,110212.73252109604,-0.016478279472559833,0,0
2025-07-01,108396.61631317894,108396.61631317894,107132.79910701896,107132.79910701896,22489515582.41552,-0.011659194254814764,0.511282620905916,0.011659194254814764,108679.9760916168,-0.01423608138534717,0,0
2025-07-02,107132.79910701896,107132.79910701896,105613.39974163056,105613.39974163056,25033160828.30909,-0.01418239211570127,0.1131036031688668,0.014182392115701286,108396.61631317894,-0.025676231105841135,0,0
2025-07-03,105613.39974163056,108824.44423167944,105613.39974163056,108824.44423167944,36395184773.06136,0.03040376029844971,0.4538789177554987,0.030403760298449652,108824.44423167944,0.0,1,0
2025-07-04,108824.44423167944,109602.20483914016,108824.44423167944,109602.20483914016,29892049537.628605,0.007146929285528181,-0.17868119851519992,0.007146929285528175,109602.20483914016,0.0,1,1
2025-07-05,109602.20483914016,109602.20483914016,108040.8919400104,108040.8919400104,24248906784.57383,-0.014245269074844358,-0.188784069354331,0.014245269074844323,109602.20483914016,-0.014245269074844323,0,0
2025-07-06,108040.8919400104,108217.46849992426,108040.8919400104,108217.46849992426,10042942280.966904,0.0016343493351749228,-0.5858393794743846,0.0016343493351748516,109602.20483914016,-0.012634201485711332,0,1
2025-07-07,108217.46849992426,109215.19771840284,108217.46849992426,109215.19771840284,14638669497.351295,0.009219668804942183,0.4576076500105035,0.009219668804942288,109602.20483914016,-0.00353101583408221,0,0
2025-07-08,109215.19771840284,109215.19771840284,108300.71675785031,108300.71675785031,25493246475.80407,-0.0083732024448685,0.7415002422465231,0.008373202444868456,109602.20483914016,-0.01187465236853586,0,0
2025-07-09,108300.71675785031,108953.19187727802,108300.71675785031,108953.19187727802,20488865138.27645,0.006024661137622678,-0.19630223801732483,0.006024661137622707,109602.20483914016,-0.00592153198756065,0,1
2025-07-10,108953.19187727802,111327.53054245668,108953.19187727802,111327.53054245668,37078460440.66385,0.021792281843867833,0.8096883448852128,0.021792281843867858,111327.53054245668,0.0,1,0
2025-07-11,111327.53054245668,115879.65030112496,111327.53054245668,115879.65030112496,56204086624.04028,0.04088943441471793,0.5158150029983826,0.04088943441471787,115879.65030112496,0.0,1,0
2025-07-12,115879.65030112496,117571.02510036016,115879.65030112496,117571.02510036016,64185145923.88688,0.01459596050592138,0.1420014055780927,0.014595960505921376,117571.02510036016,0.0,1,0
2025-07-13,117571.02510036016,117571.02510036016,117418.95745007684,117418.95745007684,24351256098.393543,-0.0012934109416288253,-0.6206091651287953,0.0012934109416288247,117571.02510036016,-0.0012934109416288247,0,0
2025-07-14,117418.95745007684,119117.55666327637,117418.95745007684,119117.55666327637,27310851454.97692,0.014466141158864687,0.12153768760941341,0.01446614115886462,119117.55666327637,0.0,1,0
2025-07-15,119117.55666327637,119833.67446712356,119117.55666327637,119833.67446712356,68915956378.80447,0.006011857730355619,1.5233909859022634,0.006011857730355682,119833.67446712356,0.0,1,0
2025-07-16,119833.67446712356,119833.67446712356,117678.19493404306,117678.19493404306,80299520980.2335,-0.017987260614893863,0.1651803907190661,0.017987260614893884,119833.67446712356,-0.017987260614893884,0,0
2025-07-17,117678.19493404306,118748.1627367753,117678.19493404306,118748.1627367753,50374263848.76278,0.009092319977646923,-0.3726704314816164,0.009092319977646994,119833.67446712356,-0.00905848656627883,0,1
2025-07-18,118748.1627367753,119445.36520434044,118748.1627367753,119445.36520434044,49282617205.72662,0.005871269512696564,-0.021670721507982216,0.005871269512696474,119833.67446712356,-0.0032404018695901204,0,1
2025-07-19,119445.36520434044,119445.36520434044,117988.94664455787,117988.94664455787,58896449260.69391,-0.01219317766989969,0.19507551749605856,0.012193177669899635,119833.67446712356,-0.015394068743771968,0,0
2025-07-20,117988.94664455787,117988.94664455787,117901.62655900871,117901.62655900871,23934511126.349533,-0.0007400700492072865,-0.5936170783333987,0.0007400700492073349,119833.67446712356,-0.0161227461037666,0,0
2025-07-21,117901.62655900871,117901.62655900871,117256.9208222684,117256.9208222684,36702153882.06748,-0.00546816660258409,0.5334407161407209,0.005468166602584131,119833.67446712356,-0.02150275084456417,0,0
2025-07-22,117256.9208222684,117482.46977767294,117256.9208222684,117482.46977767294,46344384345.39471,0.0019235449287162698,0.26271565680613573,0.001923544928716179,119833.67446712356,-0.0196205674231885,0,0
2025-07-23,117482.46977767294,119955.79570607652,117482.46977767294,119955.79570607652,58939000420.94166,0.021052723296370646,0.2717614281307956,0.021052723296370632,119955.79570607652,0.0,1,0
2025-07-24,119955.79570607652,119955.79570607652,118629.05588130427,118629.05588130427,45225685167.61703,-0.011060239457067245,-0.23266962716341122,0.011060239457067243,119955.79570607652,-0.011060239457067243,0,0
2025-07-25,118629.05588130427,118629.05588130427,118354.43517438594,118354.43517438594,51940414419.3327,-0.0023149531527343337,0.1484715870379698,0.0023149531527343883,119955.79570607652,-0.013349588673600496,0,0
2025-07-26,118354.43517438594,118354.43517438594,117540.8083708574,117540.8083708574,91617702596.10349,-0.006874493569503648,0.7639001078513252,0.006874493569503598,119955.79570607652,-0.02013231058161191,0,0
2025-07-27,117540.8083708574,117959.54234360624,117540.8083708574,117959.54234360624,25145925063.881348,0.003562456125260516,-0.725534210623714,0.0035624561252606004,119955.79570607652,-0.016641574929498422,0,1
2025-07-28,117959.54234360624,119418.91405141471,117959.54234360624,119418.91405141471,30220402191.467663,0.012371798659216893,0.20180117115178642,0.012371798659216959,119955.79570607652,-0.004475662484681489,0,0
2025-07-29,119418.91405141471,119418.91405141471,118003.30201607826,118003.30201607826,43433742203.62158,-0.011854169388334723,0.4372324341826441,0.011854169388334702,119955.79570607652,-0.01627677661179776,0,0
2025-07-30,118003.30201607826,118003.30201607826,117853.30892863822,117853.30892863822,42860287143.68828,-0.0012710922904479727,-0.013202985302184889,0.00127109229044801,119955.79570607652,-0.01752717961698117,0,0
2025-07-31,117853.30892863822,117853.30892863822,117833.24087995924,117833.24087995924,43054424656.58649,-0.00017027989168405533,0.004529542983400248,0.00017027989168407896,119955.79570607652,-0.017694474982418544,0,0
2025-08-01,117833.24087995924,117833.24087995924,115700.00243915782,115700.00243915782,45238249453.35885,-0.01810387650268075,0.050722424331323124,0.018103876502680784,119955.79570607652,-0.035478012895237845,0,0
2025-08-02,115700.00243915782,115700.00243915782,113234.6051343189,113234.6051343189,65794680822.25255,-0.02130853286831491,0.4544037759482187,0.021308532868314967,119955.79570607652,-0.05603056135967213,0,0
2025-08-03,113234.6051343189,113234.6051343189,112554.90232221724,112554.90232221724,33543439044.09785,-0.006002606811719824,-0.49018007801091035,0.006002606811719786,119955.79570607652,-0.06169683874210987,0,0
2025-08-04,112554.90232221724,114199.10966460756,112554.90232221724,114199.10966460756,24689273719.085533,0.014608047348158681,-0.2639611672903365,0.01460804734815864,119955.79570607652,-0.04799006173552768,0,1
2025-08-05,114199.10966460756,115138.68613070175,114199.10966460756,115138.68613070175,32488023582.82734,0.00822752882096589,0.3158760339601705,0.008227528820965804,119955.79570607652,-0.04015737253061086,0,0
2025-08-06,115138.68613070175,115138.68613070175,114128.35408881678,114128.35408881678,37316213251.97167,-0.00877491376563111,0.14861444731579287,0.008774913765631125,119955.79570607652,-0.04857990881523155,0,0
2025-08-07,114128.35408881678,115022.09576830892,114128.35408881678,115022.09576830892,32052509631.058872,0.007831022243575125,-0.1410567461754625,0.007831022243575146,119955.79570607652,-0.04112931691817933,0,1
2025-08-08,115022.09576830892,117463.47451085236,115022.09576830892,117463.47451085236,38289687095.00489,0.021225302201597573,0.1945924838878199,0.021225302201597466,119955.79570607652,-0.020776996897515495,0,0
2025-08-09,117463.47451085236,117463.47451085236,116688.36663186055,116688.36663186055,33017415812.97353,-0.006598714044681153,-0.13769429008259404,0.0065987140446811705,119955.79570607652,-0.027238609480962735,0,0
2025-08-10,116688.36663186055,116688.36663186055,116510.08393213755,116510.08393213755,27638785406.21056,-0.0015278532459491734,-0.16290282792663457,0.0015278532459492165,119955.79570607652,-0.02872484612900132,0,0
2025-08-11,116510.08393213755,119266.92516880557,116510.08393213755,119266.92516880557,37157754754.85189,0.02366182517106208,0.3444062106470993,0.023661825171062124,119955.79570607652,-0.005742703245109284,0,0
2025-08-12,119266.92516880557,119266.92516880557,118773.79960860992,118773.79960860992,61739781527.95854,-0.004134637993707835,0.6615584535526018,0.00413463799370782,119418.91405141471,-0.00540211278865801,0,0
2025-08-13,118773.79960860992,120202.53485503166,118773.79960860992,120202.53485503166,46941089789.57991,0.012029043872721079,-0.23969459191683595,0.012029043872720992,120202.53485503166,0.0,1,1
2025-08-14,120202.53485503166,123560.99363577303,120202.53485503166,123560.99363577303,61818118105.53991,0.027939999641370283,0.3169297598894356,0.02793999964137023,123560.99363577303,0.0,1,0
2025-08-15,123560.99363577303,123560.99363577303,118405.59579823952,118405.59579823952,73822008367.99681,-0.041723505823612395,0.19418077790661759,0.04172350582361242,123560.99363577303,-0.04172350582361242,0,0
2025-08-16,118405.59579823952,118405.59579823952,117339.79190213275,117339.79190213275,44268714220.021,-0.009001296677927928,-0.400331754734374,0.009001296677927883,123560.99363577303,-0.05034923684717872,0,0
2025-08-17,117339.79190213275,117501.21653394958,117339.79190213275,117501.21653394958,23202714236.542347,0.0013757023870595297,-0.4758665426508216,0.0013757023870595065,123560.99363577303,-0.0490428000254365,0,1
2025-08-18,117501.21653394958,117542.83687778088,117501.21653394958,117542.83687778088,20906566026.645443,0.0003542120248538616,-0.09896032793786946,0.00035421202485396976,123560.99363577303,-0.04870595955008405,0,1
2025-08-19,117542.83687778088,117542.83687778088,116256.41276740946,116256.41276740946,47337926940.98573,-0.010944300346511282,1.2642612316462438,0.010944300346511277,123560.99363577303,-0.05911720724661418,0,0
2025-08-20,116256.41276740946,116256.41276740946,112778.34483555844,112778.34483555844,46156885037.403885,-0.029917213588978364,-0.024949168244190467,0.02991721358897839,123560.99363577303,-0.08726579871961171,0,0
2025-08-21,112778.34483555844,114252.39755195397,112778.34483555844,114252.39755195397,42166369117.006935,0.01307035245591548,-0.08645548583192253,0.013070352455915502,123560.99363577303,-0.07533604101030851,0,1
2025-08-22,114252.39755195397,114252.39755195397,112414.39987336512,112414.39987336512,32048202090.65466,-0.016087169442138394,-0.23995822353770846,0.016087169442138408,123560.99363577303,-0.0902112667956142,0,0
2025-08-23,112414.39987336512,116834.24948202296,112414.39987336512,116834.24948202296,50878158870.82928,0.03931746834601979,0.5875511121313568,0.039317468346019735,123560.99363577303,-0.05444067707628537,0,0
2025-08-24,116834.24948202296,116834.24948202296,115359.98346714744,115359.98346714744,27306719885.257973,-0.012618440409482568,-0.4632919018436782,0.012618440409482548,123560.99363577303,-0.06637216104622892,0,0
2025-08-25,115359.98346714744,115359.98346714744,113399.54847314973,113399.54847314973,40682656776.69001,-0.016994064450052693,0.48984048423381954,0.016994064450052644,123560.99363577303,-0.08223829271377268,0,0
2025-08-26,113399.54847314973,113399.54847314973,110185.35443900424,110185.35443900424,52854872363.936554,-0.02834397559269408,0.2991991318084435,0.028343975592694123,123560.99363577303,-0.10825130814500279,0,0
2025-08-27,110185.35443900424,111842.70999260596,110185.35443900424,111842.70999260596,43023800053.0546,0.015041523095695952,-0.18600124967078335,0.015041523095695918,123560.99363577303,-0.09483804960090923,0,1
2025-08-28,111842.70999260596,111842.70999260596,111216.08479629167,111216.08479629167,36957904262.99581,-0.00560273616720941,-0.14098930783842112,0.005602736167209402,123560.99363577303,-0.09990943319759202,0,0
2025-08-29,111216.08479629167,112525.59740669793,111216.08479629167,112525.59740669793,34222495087.206898,0.011774489389774878,-0.07401418533701187,0.011774489389774982,123560.99363577303,-0.08931132636894051,0,1
2025-08-30,112525.59740669793,112525.59740669793,108480.30666639366,108480.30666639366,51702115726.38959,-0.03594996012936935,0.5107640630713961,0.03594996012936939,123560.99363577303,-0.1220505478762454,0,0
2025-08-31,108480.30666639366,108781.95727925688,108480.30666639366,108781.95727925688,27799981330.792213,0.002780694691349561,-0.46230476373711227,0.002780694691349598,123560.99363577303,-0.11960923849545159,0,1
2025-09-01,108781.95727925688,108781.95727925688,108253.36092385623,108253.36092385623,26140904019.246822,-0.004859228208623501,-0.059679080061386225,0.00485922820862353,123560.99363577303,-0.12388725811836605,0,0
2025-09-02,108253.36092385623,109162.68557992298,108253.36092385623,109162.68557992298,42999610648.39302,0.008399966969213635,0.6449167410864445,0.008399966969213564,123560.99363577303,-0.1165279400252532,0,0
2025-09-03,109162.68557992298,111190.18209845416,109162.68557992298,111190.18209845416,50235464642.845955,0.01857316451826163,0.1682771979872184,0.01857316451826161,118405.59579823952,-0.06093811404049068,0,0
2025-09-04,111190.18209845416,111711.51977725116,111190.18209845416,111711.51977725116,36406080683.42747,0.004688702446187021,-0.27529125206146443,0.004688702446187042,117542.83687778088,-0.04961014431354101,0,1
2025-09-05,111711.51977725116,111711.51977725116,110724.736377486,110724.736377486,38708366685.43147,-0.008833318190753947,0.06323905124596507,0.008833318190753942,117542.83687778088,-0.05800524031408422,0,0
2025-09-06,110724.736377486,110724.736377486,110662.18112628513,110662.18112628513,56020470627.40665,-0.0005649618436445181,0.4472444958131201,0.0005649618436444717,117542.83687778088,-0.0585374314102198,0,0
2025-09-07,110662.18112628513,110662.18112628513,110209.1888247784,110209.1888247784,19340758702.076332,-0.00409346984576231,-0.6547555119500489,0.0040934698457622855,116834.24948202296,-0.05670478208758428,0,0
2025-09-08,110209.1888247784,111131.9923868407,110209.1888247784,111131.9923868407,22147049159.335133,0.008373199838440648,0.1450972270781461,0.008373199838440674,116834.24948202296,-0.04880638272135818,0,0
2025-09-09,111131.9923868407,112025.12878118773,111131.9923868407,112025.12878118773,37159847899.8603,0.008036717196953536,0.6778690304300503,0.008036717196953432,116834.24948202296,-0.04116190861974258,0,0
2025-09-10,112025.12878118773,112025.12878118773,111547.43956434788,111547.43956434788,45338021458.38368,-0.004264125576439959,0.22008092122880107,0.0042641255764400065,116834.24948202296,-0.04525051464886205,0,0
2025-09-11,111547.43956434788,113975.32489468766,111547.43956434788,113975.32489468766,52205187155.05567,0.021765495826905124,0.15146593247293438,0.02176549582690523,116834.24948202296,-0.024469918709711942,0,0
2025-09-12,113975.32489468766,115503.16663193036,113975.32489468766,115503.16663193036,43752917632.95067,0.013405021996247157,-0.1619047834653049,0.013405021996247178,115503.16663193036,0.0,0,1
2025-09-13,115503.16663193036,116160.14344594492,115503.16663193036,116160.14344594492,51192951485.864395,0.005687954998741418,0.17004657644386612,0.0056879549987414995,116160.14344594492,0.0,1,0
2025-09-14,116160.14344594492,116160.14344594492,115970.58488443034,115970.58488443034,30063858747.76022,-0.0016318726534871875,-0.4127344121570804,0.0016318726534871562,116160.14344594492,-0.0016318726534871562,0,0
2025-09-15,115970.58488443034,115970.58488443034,115373.55555886828,115373.55555886828,26889399414.610912,-0.005148109981139015,-0.10559054843170479,0.005148109981139001,116160.14344594492,-0.006771581574730792,0,0
2025-09-16,115373.55555886828,115397.25272727507,115373.55555886828,115397.25272727507,46947581231.08198,0.00020539514702488937,0.7459512764562541,0.00020539514702488574,116160.14344594492,-0.00656757727769904,0,0
2025-09-17,115397.25272727507,116762.8496864193,115397.25272727507,116762.8496864193,39964451595.09973,0.011833877556614025,-0.14874311844971078,0.011833877556614105,116762.8496864193,0.0,1,1
2025-09-18,116762.8496864193,116762.8496864193,116455.9464822532,116455.9464822532,54740952295.37868,-0.002628431945523091,0.36974111017429245,0.0026284319455231104,116762.8496864193,-0.0026284319455231104,0,0
2025-09-19,116455.9464822532,117145.49508952006,116455.9464822532,117145.49508952006,43642467075.25838,0.005921111184922889,-0.20274556350853346,0.005921111184922945,117145.49508952006,0.0,1,1
2025-09-20,117145.49508952006,117145.49508952006,115655.81046441344,115655.81046441344,34296721252.33001,-0.012716533606078717,-0.21414338943791345,0.01271653360607876,117145.49508952006,-0.01271653360607876,0,0
2025-09-21,115655.81046441344,115715.51536781774,115655.81046441344,115715.51536781774,18774953731.290394,0.0005162291731350965,-0.4525729269233022,0.0005162291731349889,117145.49508952006,-0.012206869078572382,0,1
2025-09-22,115715.51536781774,115715.51536781774,115304.47999407038,115304.47999407038,18659113982.495464,-0.0035521198038208635,-0.006169908616172504,0.0035521198038208674,117145.49508952006,-0.015715628620996604,0,0
2025-09-23,115304.47999407038,115304.47999407038,112696.74101711863,112696.74101711863,69152342029.46799,-0.022616111508294012,2.7060892652427846,0.022616111508293967,117145.49508952006,-0.037976313719975174,0,0
2025-09-24,112696.74101711863,112696.74101711863,112022.16587861197,112022.16587861197,46154878824.043465,-0.0059857555100391036,-0.33256231865038755,0.005985755510039112,117145.49508952006,-0.043734752300913976,0,0
2025-09-25,112022.16587861197,113320.56908541008,112022.16587861197,113320.56908541008,46677543220.334526,0.011590591885226376,0.011324141880723282,0.011590591885226324,117145.49508952006,-0.03265107208080901,0,0
2025-09-26,113320.56908541008,113320.56908541008,108963.53013595636,108963.53013595636,74481796351.47305,-0.038448791641434554,0.5956665928172915,0.03844879164143456,117145.49508952006,-0.06984446945493908,0,0
2025-09-27,108963.53013595636,109710.20874667744,108963.53013595636,109710.20874667744,55257214020.568245,0.0068525552521052635,-0.2581111529612644,0.006852555252105275,117145.49508952006,-0.06347052728882775,0,1
2025-09-28,109710.20874667744,109710.20874667744,109654.81021075726,109654.81021075726,23294896964.31016,-0.0005049533361849434,-0.5784279505000168,0.0005049533361848955,117145.49508952006,-0.06394343097050874,0,0
2025-09-29,109654.81021075726,112142.57362752674,109654.81021075726,112142.57362752674,31274654338.51212,0.022687225594463012,0.34255388149720734,0.022687225594463026,117145.49508952006,-0.04270690441975762,0,0
2025-09-30,112142.57362752674,114309.15041119448,112142.57362752674,114309.15041119448,57833295882.65785,0.019319841819074535,0.8492065573828258,0.019319841819074573,117145.49508952006,-0.024212153238655103,0,0
2025-10-01,114309.15041119448,114309.15041119448,114024.22783550054,114024.22783550054,57718901820.70616,-0.002492561397482329,-0.0019779965883977013,0.0024925613974823,117145.49508952006,-0.026644364357624805,0,0
2025-10-02,114024.22783550054,118503.24451752484,114024.22783550054,118503.24451752484,69920179085.4708,0.03928127177047025,0.21139136192621621,0.03928127177047014,118503.24451752484,0.0,1,0
2025-10-03,118503.24451752484,120611.71911591051,118503.24451752484,120611.71911591051,71252850672.75252,0.017792547427457617,0.01905989951273801,0.017792547427457638,120611.71911591051,0.0,1,0
2025-10-04,120611.71911591051,122250.15186842805,120611.71911591051,122250.15186842805,83155430408.51796,0.013584357842897132,0.16704706721743912,0.013584357842897193,122250.15186842805,0.0,1,0
2025-10-05,122250.15186842805,122380.93708463266,122250.15186842805,122380.93708463266,35161626561.80918,0.0010698163904563351,-0.5771577828522979,0.0010698163904563176,122380.93708463266,0.0,1,1
2025-10-06,122380.93708463266,123506.18520027678,122380.93708463266,123506.18520027678,72011486031.26575,0.009194635557218778,1.0480135042865468,0.009194635557218804,123506.18520027678,0.0,1,0
2025-10-07,123506.18520027678,124773.50823074432,123506.18520027678,124773.50823074432,69605991064.72382,0.010261211034997553,-0.033404323381099554,0.010261211034997605,124773.50823074432,0.0,1,1
2025-10-08,124773.50823074432,124773.50823074432,121518.75593575073,121518.75593575073,76087884719.80028,-0.026085283175452334,0.09312264010506244,0.026085283175452313,124773.50823074432,-0.026085283175452313,0,0
2025-10-09,121518.75593575073,123352.50487523204,121518.75593575073,123352.50487523204,62576032795.36722,0.015090254383865354,-0.1775821732223407,0.015090254383865272,124773.50823074432,-0.011388662350379776,0,1
2025-10-10,123352.50487523204,123352.50487523204,121698.03066778315,121698.03066778315,72097306668.91356,-0.013412570819882008,0.15215528131484946,0.013412570819882001,124773.50823074432,-0.024648481929943584,0,0
2025-10-11,121698.03066778315,121698.03066778315,113201.74064138904,113201.74064138904,151002213089.8765,-0.06981452353643813,1.094422386446575,0.06981452353643809,124773.50823074432,-0.09274218344454617,0,0
2025-10-12,113201.74064138904,113201.74064138904,110853.11663883904,110853.11663883904,108643865752.17674,-0.02074724283604601,-0.28051474525401865,0.020747242836046044,124773.50823074432,-0.11156528167952308,0,0
2025-10-13,110853.11663883904,115189.5714637257,110853.11663883904,115189.5714637257,93857100744.12454,0.03911892562312791,-0.13610308235700774,0.039118925623127875,124773.50823074432,-0.07681067001253979,0,1
2025-10-14,115189.5714637257,115222.28302116522,115189.5714637257,115222.28302116522,68935270367.04033,0.000283980199108802,-0.2655295143307985,0.00028398019910869305,124773.50823074432,-0.07654850252279492,0,1
2025-10-15,115222.28302116522,115222.28302116522,113156.56943826911,113156.56943826911,91211854988.91518,-0.017928073708769143,0.3231522050071749,0.017928073708769095,124773.50823074432,-0.09310420903603944,0,0
2025-10-16,113156.56943826911,113156.56943826911,110708.66960879424,110708.66960879424,68877328886.40259,-0.02163285650693303,-0.2448642899020842,0.021632856506932988,124773.50823074432,-0.1127229555487043,0,0
2025-10-17,110708.66960879424,110708.66960879424,108076.72862033188,108076.72862033188,84773160808.27399,-0.023773576159506926,0.23078467441860218,0.02377357615950693,124773.50823074432,-0.1338167039395494,0,0
2025-10-18,108076.72862033188,108076.72862033188,106443.61194984637,106443.61194984637,94325236794.78165,-0.015110715242155126,0.11267806809882885,0.015110715242155136,124773.50823074432,-0.1469053530738302,0,0
2025-10-19,106443.61194984637,107156.00337647724,106443.61194984637,107156.00337647724,34412835719.61292,0.0066926649103802305,-0.6351683081964259,0.006692664910380274,124773.50823074432,-0.1411958764651142,0,1
2025-10-20,107156.00337647724,108621.134857428,107156.00337647724,108621.134857428,45373692612.394394,0.013672882851026413,0.31851071449292223,0.013672882851026379,124773.50823074432,-0.1294535482920433,0,0
2025-10-21,108621.134857428,110608.5714932665,108621.134857428,110608.5714932665,60452111148.14008,0.01829696070149822,0.33231631960293284,0.018296960701498246,124773.50823074432,-0.11352519407631409,0,0
2025-10-22,110608.5714932665,110608.5714932665,108486.1026271664,108486.1026271664,105841401713.00195,-0.019189008929830664,0.7508305285423991,0.01918900892983061,124773.50823074432,-0.13053576704325356,0,0
2025-10-23,108486.1026271664,108486.1026271664,107618.4266715404,107618.4266715404,83996418125.93103,-0.007998037855668438,-0.20639355898087475,0.007998037855668435,124773.50823074432,-0.13748977489259134,0,0
2025-10-24,107618.4266715404,110048.51827291628,107618.4266715404,110048.51827291628,56192643013.57058,0.022580627468125947,-0.33101143754339424,0.02258062746812595,124773.50823074432,-0.11801375281199149,0,1
2025-10-25,110048.51827291628,110997.80437129698,110048.51827291628,110997.80437129698,49120903424.344864,0.008626068876516069,-0.12584813972031683,0.008626068876515987,124773.50823074432,-0.11040567869560787,0,1
2025-10-26,110997.80437129698,111620.3093731354,110997.80437129698,111620.3093731354,23214874411.21217,0.005608264103640126,-0.5273931708734285,0.005608264103640188,124773.50823074432,-0.10541659879663429,0,1
2025-10-27,111620.3093731354,114476.01227508576,111620.3093731354,114476.01227508576,42483268634.18711,0.025584079796840742,0.8300020875266427,0.0255840797968408,123352.50487523204,-0.07196037574692656,0,0
2025-10-28,114476.01227508576,114476.01227508576,114182.79442806762,114182.79442806762,63764801510.65889,-0.0025613911699993164,0.5009391593599302,0.0025613911699993237,123352.50487523204,-0.07433744824589787,0,0
2025-10-29,114182.79442806762,114182.79442806762,112950.34863259472,112950.34863259472,66299512352.17796,-0.010793620892237898,0.039750940667405255,0.01079362089223794,121698.03066778315,-0.07188022671515745,0,0
2025-10-30,112950.34863259472,112950.34863259472,110046.66925837284,110046.66925837284,64235327509.05742,-0.025707573366302472,-0.03113423869780141,0.025707573366302486,115222.28302116522,-0.04491851425858021,0,0
2025-10-31,110046.66925837284,110046.66925837284,108240.76528725718,108240.76528725718,72648897659.94229,-0.01641034647650874,0.1309804196094202,0.016410346476508776,115222.28302116522,-0.06059173235289569,0,0
2025-11-01,108240.76528725718,109573.90555629117,108240.76528725718,109573.90555629117,58800487940.5146,0.01231643425188289,-0.1906210577929186,0.012316434251882875,115222.28302116522,-0.049021572188744936,0,1
2025-11-02,109573.90555629117,110014.13556776088,109573.90555629117,110014.13556776088,24938475577.84992,0.004017653740046256,-0.5758797851630266,0.004017653740046303,115222.28302116522,-0.0452008701515457,0,1
2025-11-03,110014.13556776088,110650.2092823146,110014.13556776088,110650.2092823146,35098774843.7742,0.005781745330007526,0.4074146085716863,0.0057817453300074975,114476.01227508576,-0.03342012808393221,0,0
2025-11-04,110650.2092823146,110650.2092823146,106521.0867382576,106521.0867382576,75068433317.86293,-0.03731689773420932,1.1387764573548504,0.03731689773420937,114476.01227508576,-0.0694898903161693,0,0
2025-11-05,106521.0867382576,106521.0867382576,101635.2740227234,101635.2740227234,108965721650.60307,-0.04586709416079804,0.4515518285723181,0.04586709416079801,114476.01227508576,-0.11216968513461205,0,0
2025-11-06,101635.2740227234,103877.9596595516,101635.2740227234,103877.9596595516,77083907216.62631,0.022066016532082955,-0.2925857228404848,0.022066016532083017,114476.01227508576,-0.09257880672910793,0,1
2025-11-07,103877.9596595516,103877.9596595516,101322.6402945857,101322.6402945857,64118217249.57436,-0.024599244857529734,-0.16820229325707248,0.02459924485752975,114476.01227508576,-0.11490068285129043,0,0
2025-11-08,101322.6402945857,103396.084215925,101322.6402945857,103396.084215925,93627003785.31018,0.020463777052305065,0.46022468810814776,0.020463777052305083,114476.01227508576,-0.09678820775601177,0,0
2025-11-09,103396.084215925,103396.084215925,102290.13714655169,102290.13714655169,51095924202.31797,-0.010696218118509515,-0.4542608207405353,0.010696218118509552,114476.01227508576,-0.10644915809306339,0,0
2025-11-10,102290.13714655169,104709.67861656273,102290.13714655169,104709.67861656273,59952468437.71812,0.023653712249349645,0.17333171625063537,0.02365371224934961,114476.01227508576,-0.08531336359843263,0,0
2025-11-11,104709.67861656273,105909.07272321742,104709.67861656273,105909.07272321742,67546556819.52642,0.01145447223696272,0.12666848554697063,0.011454472236962634,114476.01227508576,-0.07483611091625014,0,0
2025-11-12,105909.07272321742,105909.07272321742,102960.77564500563,102960.77564500563,71008299178.73956,-0.027838002943495366,0.05124972348275825,0.02783800294349537,114476.01227508576,-0.10059082598377919,0,0
2025-11-13,102960.77564500563,102960.77564500563,101521.70859453591,101521.70859453591,63332414142.58827,-0.013976847410623883,-0.10809842123988667,0.01397684741062384,114476.01227508576,-0.11316173076871913,0,0
2025-11-14,101521.70859453591,101521.70859453591,99730.4533956204,99730.4533956204,100463341916.4732,-0.017644060799543393,0.5862863160448515,0.017644060799543386,114476.01227508576,-0.1288091591103977,0,0
2025-11-15,99730.4533956204,99730.4533956204,94456.39368235336,94456.39368235336,113198323665.38872,-0.052883141845805004,0.12676247381361816,0.05288314184580499,114476.01227508576,-0.17488046792392864,0,0
2025-11-16,94456.39368235336,95508.31019889197,94456.39368235336,95508.31019889197,39062120798.23745,0.011136530578079062,-0.6549231513913223,0.01113653057807912,114182.79442806762,-0.1635490208723182,0,1
2025-11-17,95508.31019889197,95508.31019889197,94411.32947182968,94411.32947182968,72645149972.7847,-0.01148570972282803,0.8597338927911609,0.01148570972282798,112950.34863259472,-0.16413423584081904,0,0
2025-11-18,94411.32947182968,94411.32947182968,92036.7255045672,92036.7255045672,95794596045.06412,-0.02515168444875049,0.3186647158268925,0.02515168444875047,110650.2092823146,-0.16821914661052892,0,0
2025-11-19,92036.7255045672,92819.759215009,92036.7255045672,92819.759215009,103837258806.01602,0.008507839736246803,0.08395737435093342,0.008507839736246836,110650.2092823146,-0.1611424884142127,0,0
2025-11-20,92819.759215009,92819.759215009,91363.27838693369,91363.27838693369,82897875507.45229,-0.015691495435810277,-0.20165577885373231,0.015691495435810252,110650.2092823146,-0.17430541722855622,0,0
2025-11-21,91363.27838693369,91363.27838693369,86649.97257918229,86649.97257918229,99171039191.1295,-0.05158862390850316,0.19630374824520458,0.05158862390850319,110650.2092823146,-0.21690186452244067,0,0
2025-11-22,86649.97257918229,86649.97257918229,85051.8019295002,85051.8019295002,135093457122.46468,-0.018443983328692348,0.3622268983397756,0.018443983328692314,110650.2092823146,-0.2313453134779188,0,0
2025-11-23,85051.8019295002,85051.8019295002,84682.62429147748,84682.62429147748,42644968955.2184,-0.004340621005640033,-0.6843298716046629,0.00434062100564003,106521.0867382576,-0.20501539287184836,0,0
2025-11-24,84682.62429147748,86783.84766839583,84682.62429147748,86783.84766839583,60446592409.29218,0.024812922302525076,0.4174378335875286,0.02481292230252505,105909.07272321742,-0.18058155513081892,0,0
2025-11-25,86783.84766839583,88229.35740719768,86783.84766839583,88229.35740719768,77606296173.43544,0.016656437547286407,0.28388206977744157,0.016656437547286355,105909.07272321742,-0.1669329629787609,0,0
2025-11-26,88229.35740719768,88229.35740719768,87310.33159950442,87310.33159950442,67956444142.18749,-0.010416326659297148,-0.1243436745091191,0.01041632665929717,105909.07272321742,-0.17561046136546693,0,0
2025-11-27,87310.33159950442,90474.22677969698,87310.33159950442,90474.22677969698,69690430587.90018,0.03623735155085028,0.025516144459892587,0.036237351550850325,105909.07272321742,-0.14573676783912404,0,0
2025-11-28,90474.22677969698,91279.06057176425,90474.22677969698,91279.06057176425,59295194347.668594,0.008895724458933607,-0.14916303648203355,0.008895724458933689,105909.07272321742,-0.1381374775104228,0,1
2025-11-29,91279.06057176425,91279.06057176425,90950.37695910994,90950.37695910994,62833195066.53989,-0.0036008654185906153,0.059667579435303875,0.0036008654185906348,105909.07272321742,-0.1412409284632348,0,0
2025-11-30,90950.37695910994,90950.37695910994,90841.45258193676,90841.45258193676,39253888201.69327,-0.0011976242519825542,-0.37526830905027686,0.001197624251982554,105909.07272321742,-0.14226939915391726,0,0
2025-12-01,90841.45258193676,90841.45258193676,90406.28448571144,90406.28448571144,40334819409.843475,-0.00479041322938778,0.027536920740085513,0.004790413229387816,102960.77564500563,-0.12193469873012927,0,0
2025-12-02,90406.28448571144,90406.28448571144,86281.49519776918,86281.49519776918,92988982967.24596,-0.04562502829760884,1.3054270312303058,0.045625028297608825,101521.70859453591,-0.15011777882535549,0,0
2025-12-03,86281.49519776918,91344.73275150164,86281.49519776918,91344.73275150164,83138039128.81346,0.05868277481894357,-0.10593667684162489,0.05868277481894363,99730.4533956204,-0.08408385160802861,0,1
2025-12-04,91344.73275150164,93619.43750817105,91344.73275150164,93619.43750817105,81429135004.88295,0.024902418433448315,-0.02055502080440874,0.024902418433448367,95508.31019889197,-0.019777050675354048,0,1
2025-12-05,93619.43750817105,93619.43750817105,92140.70419795792,92140.70419795792,67878296355.02588,-0.015795152690209924,-0.16641265621996948,0.015795152690209875,95508.31019889197,-0.03525982183038469,0,0
2025-12-06,92140.70419795792,92140.70419795792,89307.09154512963,89307.09154512963,50193142876.74388,-0.03075310393483066,-0.260542094129511,0.0307531039348307,94411.32947182968,-0.054063828517773874,0,0
2025-12-07,89307.09154512963,89307.09154512963,89244.7620814118,89244.7620814118,24818678152.49986,-0.00069792289323789,-0.5055364790874819,0.0006979228932378373,93619.43750817105,-0.04672828146801703,0,0
2025-12-08,89244.7620814118,90162.90714007126,89244.7620814118,90162.90714007126,33912893266.90874,0.010287943373325392,0.36642624794636247,0.010287943373325354,93619.43750817105,-0.03692107600836745,0,0
2025-12-09,90162.90714007126,90618.0535204608,90162.90714007126,90618.0535204608,45466493941.40448,0.005048044643042093,0.340684605809479,0.005048044643042176,93619.43750817105,-0.032059410605284666,0,0
2025-12-10,90618.0535204608,92723.21372069632,90618.0535204608,92723.21372069632,54575121853.64529,0.02323113461888915,0.20033715210105418,0.02323113461888909,93619.43750817105,-0.009573052469969184,0,0
2025-12-11,92723.21372069632,92723.21372069632,92005.13714957412,92005.13714957412,52189659395.756485,-0.007744302017887561,-0.04370970465784618,0.007744302017887525,93619.43750817105,-0.017243217878296184,0,0
2025-12-12,92005.13714957412,92494.17691640416,92005.13714957412,92494.17691640416,53232377699.408394,0.005315352837689913,0.01997940426751832,0.005315352837689962,93619.43750817105,-0.012019518827686529,0,0
2025-12-13,92494.17691640416,92494.17691640416,90307.26028567804,90307.26028567804,67750393558.62937,-0.02364383038623763,0.272729051127512,0.023643830386237658,93619.43750817105,-0.03537916174943818,0,0
2025-12-14,90307.26028567804,90307.26028567804,90257.4292885891,90257.4292885891,35222775785.402145,-0.0005517939192408727,-0.48010965050821,0.0005517939192408583,93619.43750817105,-0.035911433662357856,0,0
2025-12-15,90257.4292885891,90257.4292885891,88230.77409367911,88230.77409367911,33808538697.04244,-0.022454164835893686,-0.04015121059669091,0.02245416483589366,93619.43750817105,-0.05755923724730367,0,0
2025-12-16,88230.77409367911,88230.77409367911,86413.9190195637,86413.9190195637,50630498834.055145,-0.020592079042470512,0.4975654312584734,0.02059207904247055,93619.43750817105,-0.07696605192675343,0,0
2025-12-17,86413.9190195637,87821.88919109134,86413.9190195637,87821.88919109134,48317754254.70281,0.016293326208349335,-0.04567888195082792,0.0162933262083493,93619.43750817105,-0.06192675870941547,0,1
2025-12-18,87821.88919109134,87821.88919109134,86064.94716216,86064.94716216,48886793507.656334,-0.020005741679143596,0.011777021960786449,0.020005741679143547,93619.43750817105,-0.0806936096507918,0,0
2025-12-19,86064.94716216,86064.94716216,85450.3312009302,85450.3312009302,58649139178.511856,-0.007141304113877589,0.1996929021193956,0.0071413041138776116,93619.43750817105,-0.08725865615810657,0,0
2025-12-20,85450.3312009302,88103.86075721023,85450.3312009302,88103.86075721023,51932451056.500565,0.03105347304085293,-0.11452321749459171,0.031053473040852826,93619.43750817105,-0.05891486744384056,0,1
2025-12-21,88103.86075721023,88347.94310567998,88103.86075721023,88347.94310567998,17103607834.780054,0.002770393333186183,-0.6706566417176811,0.0027703933331862697,93619.43750817105,-0.056307691466646256,0,1
2025-12-22,88347.94310567998,88577.42038358838,88347.94310567998,88577.42038358838,22541294542.323105,0.0025974263784942497,0.3179262971924297,0.0025974263784942393,93619.43750817105,-0.0538565201712796,0,0
2025-12-23,88577.42038358838,88577.42038358838,88491.12020788102,88491.12020788102,41948947368.21024,-0.0009742909122171239,0.8609821760435143,0.0009742909122171158,93619.43750817105,-0.0547783391653302,0,0
2025-12-24,88491.12020788102,88491.12020788102,87406.43636737975,87406.43636737975,46353794741.509995,-0.012257544462689118,0.10500495601560278,0.012257544462689103,92723.21372069632,-0.057340304978340514,0,0
2025-12-25,87406.43636737975,87642.60888119951,87406.43636737975,87642.60888119951,29100645180.040016,0.0027020036925782254,-0.37220576346945156,0.0027020036925782427,92723.21372069632,-0.05479323500154731,0,1
2025-12-26,87642.60888119951,87642.60888119951,87229.78066010943,87229.78066010943,22773603342.32636,-0.004710359793712593,-0.2174192977018029,0.004710359793712585,92723.21372069632,-0.05924549894414116,0,0
2025-12-27,87229.78066010943,87305.95655961394,87229.78066010943,87305.95655961394,47130449135.786705,0.000873278585914683,1.069520946129391,0.0008732785859146939,92723.21372069632,-0.058423958183766216,0,0
2025-12-28,87305.95655961394,87807.003210775,87305.95655961394,87807.003210775,15670944599.660688,0.0057389744171572055,-0.6674985092013147,0.005738974417157146,92723.21372069632,-0.05302027736797476,0,1
2025-12-29,87807.003210775,87822.90829076794,87807.003210775,87822.90829076794,17428479525.19913,0.0001811368047119899,0.11215245605402102,0.00018113680471203448,92723.21372069632,-0.05284874448689011,0,0
2025-12-30,87822.90829076794,87822.90829076794,87156.56266080117,87156.56266080117,53957962807.988785,-0.00758737831546874,2.095965011174564,0.007587378315468758,92494.17691640416,-0.05770757072012336,0,0
2025-12-31,87156.56266080117,88414.62856073362,87156.56266080117,88414.62856073362,39734225800.079216,0.01443455158768292,-0.263607746988618,0.014434551587682897,92494.17691640416,-0.04410600203899995,0,1
2026-01-01,88414.62856073362,88414.62856073362,87520.18048742875,87520.18048742875,37245075349.02766,-0.010116516778560625,-0.0626449968743722,0.010116516778560652,90307.26028567804,-0.03086218970028152,0,0
2026-01-02,87520.18048742875,88727.67004249741,87520.18048742875,88727.67004249741,21163124465.205833,0.013796698639602312,-0.43178730968097423,0.013796698639602385,90257.4292885891,-0.016948845742109947,0,1
2026-01-03,88727.67004249741,89926.27924953419,88727.67004249741,89926.27924953419,50705395175.73333,0.0135088547514286,1.395931435317964,0.01350885475142853,89926.27924953419,0.0,0,0
