date,trap_score,risk_category,open,high,low,close,volume,price_return,volume_change,volatility,rolling_max_20,breakout_strength,is_breakout,pv_divergence
2025-01-05,1.1812588572170872,Normal,98084.34279280754,98256.73876849932,98084.34279280754,98256.73876849932,20979035420.980793,0.0,0.0,0.0017576299211785,98256.73876849932,0.0,0,0
2025-01-06,95.30784819033215,High Trap Risk,98256.73876849932,98364.58946599838,98256.73876849932,98364.58946599838,20060293834.7155,0.0010976417378676,-0.0437933187979879,0.0010976417378676,98364.58946599838,0.0,1,1
2025-01-07,20.98522940079299,Normal,98364.58946599838,102229.39453189744,98364.58946599838,102229.39453189744,46111387334.46171,0.0392906134908945,1.298639676686255,0.0392906134908946,102229.39453189744,0.0,1,0
2025-01-08,0.06764688068755147,Normal,102229.39453189744,102229.39453189744,96952.09886774956,96952.09886774956,60610257147.15405,-0.0516220964460595,0.3144314376734551,0.0516220964460595,102229.39453189744,-0.0516220964460595,0,0
2025-01-09,0.19843426974073478,Normal,96952.09886774956,96952.09886774956,95016.71440989176,95016.71440989176,65790469838.34392,-0.0199622749838331,0.0854675913783531,0.0199622749838331,102229.39453189744,-0.0705538769453945,0,0
2025-01-10,0.12595792053891988,Normal,95016.71440989176,95016.71440989176,92376.275783461,92376.275783461,65850881574.76184,-0.02778920154027,0.000918244489914,0.0277892015402701,102229.39453189744,-0.0963824425797816,0,0
2025-01-11,0.18211265709052388,Normal,92376.275783461,94736.6267420969,92376.275783461,94736.6267420969,63433655716.757095,0.0255514842811892,-0.0367075701979846,0.0255514842811891,102229.39453189744,-0.0732936727651523,0,1
2025-01-12,1.5942540843634823,Normal,94736.6267420969,94736.6267420969,94559.55167224212,94559.55167224212,17836423168.41627,-0.0018691299864078,-0.7188176691556424,0.0018691299864078,102229.39453189744,-0.0750258073499808,0,0
2025-01-13,0.3028517396776534,Normal,94559.55167224212,94559.55167224212,94454.77089638809,94454.77089638809,19608932595.53299,-0.0011080929848019,0.0993758339539385,0.0011080929848019,102229.39453189744,-0.0760507647639792,0,0
2025-01-14,0.001013732295068887,Normal,94454.77089638809,94456.3493746993,94454.77089638809,94456.3493746993,76328330233.31137,1.6711472551778073e-05,2.892528563778088,1.6711472551758455e-05,102229.39453189744,-0.0760353242116953,0,0
2025-01-15,0.4941988325944251,Normal,94456.3493746993,96574.07768799194,94456.3493746993,96574.07768799194,51241728228.81719,0.0224201795571392,-0.328666982859607,0.0224201795571392,102229.39453189744,-0.0553198702760676,0,1
2025-01-16,0.16531357678458278,Normal,96574.07768799194,100313.15239828422,96574.07768799194,100313.15239828422,57637319739.54339,0.038717167171633,0.1248121742140901,0.0387171671716332,102229.39453189744,-0.0187445317698259,0,0
2025-01-17,1.084668252866929,Normal,100313.15239828422,100313.15239828422,100044.57926776377,100044.57926776377,50150102497.2729,-0.0026773471284613,-0.1299022452137674,0.0026773471284613,102229.39453189744,-0.021371693279979,0,0
2025-01-18,62.05529618332656,High Trap Risk,100044.57926776377,104160.69358484232,100044.57926776377,104160.69358484232,69135117732.00064,0.0411428020109114,0.3785638371478925,0.0411428020109115,104160.69358484232,0.0,1,0
2025-01-19,97.02545388448388,High Trap Risk,104160.69358484232,104334.61575724394,104160.69358484232,104334.61575724394,49416447749.13053,0.0016697486010877,-0.2852193014165203,0.0016697486010877,104334.61575724394,0.0,1,1
2025-01-20,0.13000970804881587,Normal,104334.61575724394,104334.61575724394,101275.33714814208,101275.33714814208,72970313683.92325,-0.0293217987807604,0.4766402080207625,0.0293217987807604,104334.61575724394,-0.0293217987807604,0,0
2025-01-21,0.18938553045200407,Normal,101275.33714814208,101764.90860170544,101275.33714814208,101764.90860170544,120158523166.88388,0.0048340639226629,0.6466768073296236,0.0048340639226629,104334.61575724394,-0.0246294783077311,0,0
2025-01-22,84.84115379026142,High Trap Risk,101764.90860170544,106182.2368201815,101764.90860170544,106182.2368201815,95344290057.8965,0.0434071850421926,-0.2065124674886672,0.0434071850421927,106182.2368201815,0.0,1,1
2025-01-23,1.0503248010583888,Normal,106182.2368201815,106182.2368201815,103673.53509537788,103673.53509537788,55030669602.56557,-0.0236263785726427,-0.4228215494693079,0.0236263785726427,106182.2368201815,-0.0236263785726427,0,0
2025-01-24,0.136499482556207,Normal,103673.53509537788,104067.60991206949,103673.53509537788,104067.60991206949,102455227371.2076,0.0038011129487294,0.8617841307609868,0.0038011129487294,106182.2368201815,-0.0199150721574373,0,0
2025-01-25,2.386538477817913,Normal,104067.60991206949,104835.19253555956,104067.60991206949,104835.19253555956,51418786362.7815,0.0073758071713054,-0.4981340856676345,0.0073758071713055,106182.2368201815,-0.0126861547181676,0,1
2025-01-26,3.1115862421961062,Normal,104835.19253555956,104835.19253555956,104796.04077738234,104796.04077738234,22740744964.719296,-0.0003734600684206,-0.5577347002266131,0.0003734600684206,106182.2368201815,-0.0130548770143792,0,0
2025-01-27,0.48388725583137643,Normal,104796.04077738234,104796.04077738234,102552.24874280208,102552.24874280208,20639818380.26942,-0.0214110382218229,-0.0923860052829983,0.021411038221823,106182.2368201815,-0.0341863967654661,0,0
2025-01-28,0.00042297943197713123,Normal,102552.24874280208,102552.24874280208,101958.46953745594,101958.46953745594,93191643783.2474,-0.0057900164318709,3.515138751043164,0.0057900164318709,106182.2368201815,-0.0397784733983186,0,0
2025-01-29,1.4432462762600133,Normal,101958.46953745594,101958.46953745594,101313.11264498268,101313.11264498268,45780526813.56264,-0.0063296055286135,-0.5087485856559988,0.0063296055286135,106182.2368201815,-0.0458562968817903,0,0
2025-01-30,0.3280237659681941,Normal,101313.11264498268,103718.97939813643,101313.11264498268,103718.97939813643,47425401641.53094,0.0237468447108548,0.0359295740450282,0.0237468447108548,106182.2368201815,-0.0231983945320022,0,0
2025-01-31,0.973547316565429,Normal,103718.97939813643,104781.5135100103,103718.97939813643,104781.5135100103,42122570869.034325,0.0102443556429072,-0.1118141457731559,0.0102443556429071,106182.2368201815,-0.0131916914930253,0,1
2025-02-01,0.4759172014625134,Normal,104781.5135100103,104781.5135100103,102382.39409722164,102382.39409722164,37187819228.35328,-0.0228963996837043,-0.1171521951028099,0.0228963996837044,106182.2368201815,-0.0357860489358013,0,0
2025-02-02,0.7649959379779238,Normal,102382.39409722164,102382.39409722164,100674.78762544956,100674.78762544956,22827776122.48367,-0.0166787120659684,-0.3861491048370219,0.0166787120659685,106182.2368201815,-0.0518678957955909,0,0
2025-02-03,0.005298409190340659,Normal,100674.78762544956,100674.78762544956,97568.31653024876,97568.31653024876,59784234332.21204,-0.030856495141148,1.6189250328825944,0.0308564951411481,106182.2368201815,-0.0811239294621408,0,0
2025-02-04,0.016013211596740143,Normal,97568.31653024876,101466.8606657039,97568.31653024876,101466.8606657039,122163969235.23686,0.0399570708411936,1.0434144653653998,0.0399570708411935,106182.2368201815,-0.044408333217382,0,0
2025-02-05,0.34046769272522376,Normal,101466.8606657039,101466.8606657039,98118.43921664466,98118.43921664466,73196693057.98114,-0.03300014829562,-0.4008323934118837,0.03300014829562,106182.2368201815,-0.0759429999312671,0,0
2025-02-06,0.38708004385524725,Normal,98118.43921664466,98118.43921664466,96582.88682919052,96582.88682919052,48848958931.79228,-0.0156499879096492,-0.3326343460202818,0.0156499879096492,106182.2368201815,-0.0904044808101695,0,0
2025-02-07,0.4074889599304595,Normal,96582.88682919052,96635.41875332213,96582.88682919052,96635.41875332213,44462180396.17251,0.0005439050939168,-0.089802907401671,0.0005439050939169,106182.2368201815,-0.0899097471738781,0,1
2025-02-08,0.16670994867664313,Normal,96635.41875332213,96635.41875332213,96558.4563096667,96558.4563096667,57077722340.22422,-0.0007964206566113,0.2837364661751431,0.0007964206566113,106182.2368201815,-0.0906345618506094,0,0
2025-02-09,1.1165224691068063,Normal,96558.4563096667,96558.4563096667,96558.23762501092,96558.23762501092,20760850644.84597,-2.264790305628317e-06,-0.6362705133695352,2.264790305604495e-06,106182.2368201815,-0.090636621372638,0,0
2025-02-10,0.1910517317331965,Normal,96558.23762501092,96558.23762501092,96548.57865379583,96548.57865379583,25457107581.051964,-0.0001000325964171,0.2262073465362495,0.000100032596417,106182.2368201815,-0.0907275873524887,0,0
2025-02-11,0.11647634218008437,Normal,96548.57865379583,97399.98161383196,96548.57865379583,97399.98161383196,37054987393.57789,0.0088183893735929,0.4555851357268241,0.0088183893735928,104835.19253555956,-0.0709228527357892,0,0
2025-02-12,0.20608404644807676,Normal,97399.98161383196,97399.98161383196,95739.9773707924,95739.9773707924,36454577154.5622,-0.0170431679301653,-0.0162032234052181,0.0170431679301653,104835.19253555956,-0.0867572705766921,0,0
2025-02-13,0.10525014679064891,Normal,95739.9773707924,97836.18856127484,95739.9773707924,97836.18856127484,47115618235.19051,0.0218948369118994,0.2924472566346612,0.0218948369118994,104835.19253555956,-0.0667619699549909,0,0
2025-02-14,0.5556990245611484,Normal,97836.18856127484,97836.18856127484,96561.6639990985,96561.6639990985,29084371910.690556,-0.0130271281099437,-0.3827021060085013,0.0130271281099438,104796.04077738234,-0.0785752659852492,0,0
2025-02-15,0.23422911363114787,Normal,96561.6639990985,97488.48148536457,96561.6639990985,97488.48148536457,32289906944.92862,0.009598192987589,0.1102150338360858,0.0095981929875889,104781.5135100103,-0.0696022779242351,0,0
2025-02-16,1.4564586152892058,Normal,97488.48148536457,97569.95169430463,97488.48148536457,97569.95169430463,14215311318.346336,0.0008356906138937,-0.5597599168498391,0.0008356906138936,104781.5135100103,-0.0688247532807084,0,1
2025-02-17,0.24913563286768164,Normal,97569.95169430463,97569.95169430463,96149.3484548204,96149.3484548204,13634794998.739267,-0.0145598436282423,-0.0408373975501931,0.0145598436282423,104781.5135100103,-0.0823825192634312,0,0
2025-02-18,0.05067179174653463,Normal,96149.3484548204,96149.3484548204,95776.15723852724,95776.15723852724,25324374113.08163,-0.0038813702046927,0.8573344238342588,0.0038813702046926,104781.5135100103,-0.0859441324124673,0,0
2025-02-19,0.10123302106019204,Normal,95776.15723852724,95776.15723852724,95495.89153299289,95495.89153299289,38311133144.729355,-0.0029262575740679,0.5128165842779604,0.0029262575740679,104781.5135100103,-0.0886188953181165,0,0
2025-02-20,0.6681258035978785,Normal,95495.89153299289,96554.87156259285,95495.89153299289,96554.87156259285,27703222487.389572,0.0110892731886176,-0.2768884600010627,0.0110892731886176,102382.39409722164,-0.0569191860183989,0,1
2025-02-21,0.5520159110495514,Normal,96554.87156259285,98384.31738240314,96554.87156259285,98384.31738240314,24175261969.81266,0.0189472140577011,-0.1273483804702803,0.0189472140577012,101466.8606657039,-0.0303798034459409,0,1
2025-02-22,0.061120957449827,Normal,98384.31738240314,98384.31738240314,96135.15541305284,96135.15541305284,42477472950.92155,-0.0228609805829946,0.7570636051002311,0.0228609805829946,101466.8606657039,-0.0525462719322427,0,0
2025-02-23,1.7627512212784038,Normal,96135.15541305284,96564.15414290236,96135.15541305284,96564.15414290236,18464415570.762142,0.004462454218816,-0.565312757844707,0.0044624542188161,101466.8606657039,-0.0483183030462937,0,1
2025-02-24,1.031897433168228,Normal,96564.15414290236,96564.15414290236,96327.46309127836,96327.46309127836,16643044374.983364,-0.0024511274781502,-0.0986422336953283,0.0024511274781502,98384.31738240314,-0.0209063227336338,0,0
2025-02-25,0.0027298253587295066,Normal,96327.46309127836,96327.46309127836,91396.76686930266,91396.76686930266,45539703844.38777,-0.0511868169652038,1.7362604351905593,0.0511868169652038,98384.31738240314,-0.0710230115836556,0,0
2025-02-26,0.011893084174628575,Normal,91396.76686930266,91396.76686930266,88755.7693356979,88755.7693356979,96742453402.56294,-0.028895962341659,1.1243540303454411,0.028895962341659,98384.31738240314,-0.0978666956572022,0,0
2025-02-27,0.04722139019619773,Normal,88755.7693356979,88755.7693356979,83900.11496524839,83900.11496524839,69277430795.68657,-0.054708042156495,-0.2838983470120343,0.054708042156495,98384.31738240314,-0.1472206425019662,0,0
2025-02-28,0.06789676164893634,Normal,83900.11496524839,84709.14477847965,83900.11496524839,84709.14477847965,81960688217.70384,0.0096427735953206,0.183079211748236,0.0096427735953206,98384.31738240314,-0.1389974842308497,0,0
2025-03-01,0.1292917869804163,Normal,84709.14477847965,84709.14477847965,84441.9012237131,84441.9012237131,80695237175.07367,-0.0031548371249103,-0.0154397317805443,0.0031548371249103,98384.31738240314,-0.1417138069322394,0,0
2025-03-02,0.3461972883273854,Normal,84441.9012237131,86005.25629681018,84441.9012237131,86005.25629681018,30634474722.6359,0.0185139729262522,-0.6203682423514987,0.0185139729262522,98384.31738240314,-0.1258235195908068,0,1
2025-03-03,0.002039309818831299,Normal,86005.25629681018,94261.5328653844,86005.25629681018,94261.5328653844,61859112550.80991,0.0959973485815939,1.0192646719384433,0.095997348581594,98384.31738240314,-0.0419048952791345,0,0
2025-03-04,0.012139617280737595,Normal,94261.5328653844,94261.5328653844,86124.71418722175,86124.71418722175,68715362745.4567,-0.0863217309417502,0.1108365431045457,0.0863217309417502,98384.31738240314,-0.124609323125457,0,0
2025-03-05,0.15613190387191925,Normal,86124.71418722175,87310.80531078295,86124.71418722175,87310.80531078295,65863356680.42408,0.0137717858892725,-0.041504635223965,0.0137717858892724,98384.31738240314,-0.1125536301540755,0,1
2025-03-06,0.1508665862758282,Normal,87310.80531078295,90604.08098523636,87310.80531078295,90604.08098523636,51606642859.81411,0.0377189932303452,-0.2164589619958946,0.0377189932303452,98384.31738240314,-0.0790800465375627,0,1
2025-03-07,0.322527669190597,Normal,90604.08098523636,90604.08098523636,90001.40087607042,90001.40087607042,47555759124.64708,-0.0066517987116292,-0.0784953934355113,0.0066517987116292,98384.31738240314,-0.0852058206975177,0,0
2025-03-08,0.03632643377964989,Normal,90001.40087607042,90001.40087607042,86773.33597555371,86773.33597555371,63216440874.73251,-0.0358668295059281,0.3293119916146783,0.0358668295059281,98384.31738240314,-0.1180165875595753,0,0
2025-03-09,0.6148588782756622,Normal,86773.33597555371,86773.33597555371,86142.9833586432,86142.9833586432,18809360803.37126,-0.0072643584555524,-0.702460933530832,0.0072643584555523,98384.31738240314,-0.1244236312193939,0,0
2025-03-10,0.0030163961989246417,Normal,86142.9833586432,86142.9833586432,80751.13893300897,80751.13893300897,32013406240.51754,-0.0625918004625647,0.7019933093515689,0.0625918004625647,98384.31738240314,-0.1792275325838466,0,0
2025-03-11,0.008768993468547518,Normal,80751.13893300897,80751.13893300897,78783.94057934263,78783.94057934263,49983692766.22745,-0.0243612459175136,0.561336284889483,0.0243612459175137,98384.31738240314,-0.199222572504896,0,0
2025-03-12,0.011483975292303068,Normal,78783.94057934263,82799.1080292053,78783.94057934263,82799.1080292053,56404462275.083046,0.0509642881574199,0.1284572858369106,0.0509642881574199,98384.31738240314,-0.1584115209400781,0,0
2025-03-13,0.1865423787080014,Normal,82799.1080292053,83884.24578828987,82799.1080292053,83884.24578828987,41782186208.59073,0.0131056696734199,-0.25923970332666,0.0131056696734199,96564.15414290236,-0.1313107173894764,0,1
2025-03-14,0.06250351954057365,Normal,83884.24578828987,83884.24578828987,81098.90052436228,81098.90052436228,32583592654.882656,-0.033204629042709,-0.2201558699629933,0.033204629042709,96564.15414290236,-0.1601552227719358,0,0
2025-03-15,0.06293323799166077,Normal,81098.90052436228,83971.70916064628,81098.90052436228,83971.70916064628,28571483950.07465,0.0354235213758662,-0.1231327910124359,0.0354235213758662,96327.46309127836,-0.1282682376771821,0,1
2025-03-16,0.8108421859141818,Normal,83971.70916064628,84391.69087647168,83971.70916064628,84391.69087647168,10761796127.312485,0.0050014668038009,-0.6233378656104291,0.0050014668038009,94261.5328653844,-0.1047069964691527,0,1
2025-03-17,0.012531328222383243,Normal,84391.69087647168,84391.69087647168,82610.61750343916,82610.61750343916,21638031633.118767,-0.0211048428409801,1.0106338549011684,0.0211048428409801,94261.5328653844,-0.1236020146053003,0,0
2025-03-18,0.15945565396713887,Normal,82610.61750343916,84075.36559694471,82610.61750343916,84075.36559694471,19659366246.596867,0.017730748634636,-0.0914438716086074,0.0177307486346361,94261.5328653844,-0.1080628222223654,0,1
2025-03-19,0.0723707162885384,Normal,84075.36559694471,84075.36559694471,82780.03048688271,82780.03048688271,24557570268.85276,-0.0154068329155035,0.2491537092709586,0.0154068329155035,94261.5328653844,-0.1218047492915112,0,0
2025-03-20,0.025968258569673743,Normal,82780.03048688271,86815.44109470697,82780.03048688271,86815.44109470697,33871216993.304657,0.0487486001646702,0.3792576636241871,0.0487486001646702,94261.5328653844,-0.0789939601482107,0,0
2025-03-21,0.15213184951095735,Normal,86815.44109470697,86815.44109470697,84270.84358966233,84270.84358966233,27579127651.06656,-0.0293104253455182,-0.1857650802296787,0.0293104253455182,94261.5328653844,-0.105989038922058,0,0
2025-03-22,0.42503190406620406,Normal,84270.84358966233,84270.84358966233,84009.532917822,84009.532917822,18091004975.919056,-0.0031008431945065,-0.3440327335654712,0.0031008431945065,94261.5328653844,-0.1087612267265307,0,0
2025-03-23,1.154731140788201,Normal,84009.532917822,84009.532917822,83793.30854192551,83793.30854192551,7771134681.982918,-0.0025738076190472,-0.5704420681810061,0.0025738076190472,90604.08098523636,-0.0751707027900944,0,0
2025-03-24,0.06138426795018973,Normal,83793.30854192551,85787.70914901773,83793.30854192551,85787.70914901773,12617587530.619724,0.0238014304697651,0.6236480317183442,0.0238014304697651,90604.08098523636,-0.0531584425761511,0,0
2025-03-25,0.033271825315755,Normal,85787.70914901773,87327.72969669085,85787.70914901773,87327.72969669085,27270889835.1835,0.0179515289888207,1.16133946120872,0.0179515289888208,90604.08098523636,-0.0361611889102366,0,0
2025-03-26,0.5958502063968071,Normal,87327.72969669085,87520.58391530563,87327.72969669085,87520.58391530563,30351832942.705593,0.0022083961106582,0.1129755254097804,0.0022083961106581,90001.40087607042,-0.0275642038525689,0,0
2025-03-27,1.3069513530847288,Normal,87520.58391530563,87520.58391530563,86960.8555491039,86960.8555491039,25522877558.70056,-0.0063953911315695,-0.1590993002999368,0.0063953911315694,87520.58391530563,-0.0063953911315694,0,0
2025-03-28,1.275107239952852,Normal,86960.8555491039,87227.27158032371,86960.8555491039,87227.27158032371,24620445368.489468,0.0030636316712566,-0.0353577761024622,0.0030636316712566,87520.58391530563,-0.0033513525831336,0,1
2025-03-29,0.15593661975459894,Normal,87227.27158032371,87227.27158032371,84359.46915506005,84359.46915506005,31674486232.097313,-0.0328773601799847,0.2865115052969746,0.0328773601799847,87520.58391530563,-0.0361185291371525,0,0
2025-03-30,0.7820578266224053,Normal,84359.46915506005,84359.46915506005,82679.17255385047,82679.17255385047,16837439419.924389,-0.0199182927303757,-0.4684226510716949,0.0199182927303757,87520.58391530563,-0.0553174024311838,0,0
2025-03-31,0.6762673695813997,Normal,82679.17255385047,82679.17255385047,82356.38111183756,82356.38111183756,13428975108.070734,-0.0039041445631627,-0.2024336496094702,0.0039041445631627,87520.58391530563,-0.0590055798583966,0,0
2025-04-01,0.036262438574797884,Normal,82356.38111183756,82514.09365397849,82356.38111183756,82514.09365397849,30326148749.91535,0.0019150008780346,1.258262339892902,0.0019150008780346,87520.58391530563,-0.0572035747175997,0,0
2025-04-02,0.2874117090348477,Normal,82514.09365397849,85237.5876052852,82514.09365397849,85237.5876052852,29172899851.734768,0.0330064093381141,-0.0380282015923238,0.0330064093381142,87520.58391530563,-0.0260852499822179,0,1
2025-04-03,0.062366578368547074,Normal,85237.5876052852,85237.5876052852,82526.4221526433,82526.4221526433,46332905657.77597,-0.0318071584240119,0.5882173487467268,0.0318071584240119,87520.58391530563,-0.0570627107275155,0,0
2025-04-04,0.7409104347332286,Normal,82526.4221526433,83163.98757387721,82526.4221526433,83163.98757387721,36594464539.14662,0.007725591448211,-0.2101841225016062,0.007725591448211,87520.58391530563,-0.0497779624693127,0,1
2025-04-05,0.5632119286929699,Normal,83163.98757387721,83852.00765399594,83163.98757387721,83852.00765399594,35647289400.47406,0.0082730530388233,-0.0258830167513266,0.0082730530388233,87520.58391530563,-0.0419167251541625,0,1
2025-04-06,1.8624581723132738,Normal,83852.00765399594,83852.00765399594,83595.88550177493,83595.88550177493,14910400035.531416,-0.0030544546205484,-0.5817241566946987,0.0030544546205484,87520.58391530563,-0.0448431470398856,0,0
2025-04-07,0.0020409133711935088,Normal,83595.88550177493,83595.88550177493,78211.48358199988,78211.48358199988,36140377231.68329,-0.0644098915569322,1.423836861892433,0.0644098915569322,87520.58391530563,-0.1063646963589072,0,0
2025-04-08,0.012409258438691355,Normal,78211.48358199988,79179.29226757778,78211.48358199988,79179.29226757778,82909748172.59216,0.0123742530029264,1.2941030095255188,0.0123742530029264,87520.58391530563,-0.0953066270193053,0,0
2025-04-09,0.145203731940834,Normal,79179.29226757778,79179.29226757778,76329.090356324,76329.090356324,47812787635.22632,-0.035996809640857,-0.4233152471323993,0.035996809640857,87520.58391530563,-0.1278727021498363,0,0
2025-04-10,0.004072014412979627,Normal,76329.090356324,82622.17029546302,76329.090356324,82622.17029546302,87408220482.11568,0.0824466780589325,0.8281347899848706,0.0824466780589325,87520.58391530563,-0.055968703597577,0,0
2025-04-11,0.31738705520627164,Normal,82622.17029546302,82622.17029546302,79596.35732250768,79596.35732250768,41213520154.25157,-0.0366222886924272,-0.528493774076042,0.0366222886924272,87520.58391530563,-0.0905412902691129,0,0
2025-04-12,0.11512645220012724,Normal,79596.35732250768,83439.28818043756,79596.35732250768,83439.28818043756,39813566443.76779,0.0482802352670379,-0.0339683119821873,0.0482802352670378,87520.58391530563,-0.046632409797649,0,1
2025-04-13,0.9850253425417386,Normal,83439.28818043756,85305.09728392666,83439.28818043756,85305.09728392666,22428929482.06912,0.0223612778126087,-0.4366510844049233,0.0223612778126088,87520.58391530563,-0.0253138922555968,0,1
2025-04-14,0.19891184550863555,Normal,85305.09728392666,85305.09728392666,83600.82010054543,83600.82010054543,28731125717.934357,-0.019978608988731,0.2809851553951137,0.0199786089887309,87520.58391530563,-0.0447867648889704,0,0
2025-04-15,0.3707533008688288,Normal,83600.82010054543,84523.4524914945,83600.82010054543,84523.4524914945,33155578229.343513,0.0110361643562759,0.1539950976806785,0.0110361643562759,87227.27158032371,-0.0309974052821241,0,0
2025-04-16,0.813495118108524,Normal,84523.4524914945,84523.4524914945,83656.49248858042,83656.49248858042,25084671427.622566,-0.010257034909942,-0.2434253067732051,0.010257034909942,87227.27158032371,-0.0409364987239697,0,0
2025-04-17,0.7054754900892823,Normal,83656.49248858042,84105.77942167096,83656.49248858042,84105.77942167096,26948109141.803364,0.0053706164306597,0.0742859127956856,0.0053706164306597,85305.09728392666,-0.0140591582501094,0,0
2025-04-18,1.6045418992559113,Normal,84105.77942167096,84930.90857600998,84105.77942167096,84930.90857600998,19323821375.14309,0.0098106118273058,-0.2829247768940147,0.0098106118273058,85305.09728392666,-0.004386475367014,0,1
2025-04-19,2.515729441765407,Normal,84930.90857600998,84930.90857600998,84433.75017215389,84433.75017215389,9550691272.782003,-0.0058536805056212,-0.5057555600742929,0.0058536805056213,85305.09728392666,-0.010214478847291,0,0
2025-04-20,0.45927319847429215,Normal,84433.75017215389,85126.66244301842,84433.75017215389,85126.66244301842,12635983530.804457,0.0082065793530636,0.3230438687527321,0.0082065793530636,85305.09728392666,-0.0020917254254379,0,0
2025-04-21,1.1810938576899273,Normal,85126.66244301842,85126.66244301842,85073.16544858096,85073.16544858096,12625843856.313684,-0.0006284399376431,-0.0008024444212081,0.0006284399376431,85305.09728392666,-0.0027188508392851,0,0
2025-04-22,6.371394775411064,Normal,85073.16544858096,87452.04699068287,85073.16544858096,87452.04699068287,40070025414.28289,0.0279627721568644,2.1736512719698697,0.0279627721568645,87452.04699068287,0.0,1,0
2025-04-23,36.71129795456288,Risky,87452.04699068287,93576.1658857398,87452.04699068287,93576.1658857398,53841992235.36636,0.0700283081505159,0.3436974815637246,0.0700283081505158,93576.1658857398,0.0,1,0
2025-04-24,97.01981769742343,High Trap Risk,93576.1658857398,93605.45230873208,93576.1658857398,93605.45230873208,39901515879.65954,0.000312968828281,-0.2589145716370792,0.0003129688282809,93605.45230873208,0.0,1,1
2025-04-25,96.64845310891042,High Trap Risk,93605.45230873208,93872.81422867288,93605.45230873208,93872.81422867288,30031246761.093452,0.0028562643878795,-0.2473657679656631,0.0028562643878796,93872.81422867288,0.0,1,1
2025-04-26,86.33458492334178,High Trap Risk,93872.81422867288,94773.11200643536,93872.81422867288,94773.11200643536,39336184715.04292,0.0095906124170237,0.3098418799583222,0.0095906124170237,94773.11200643536,0.0,1,0
2025-04-27,3.987322095975526,Normal,94773.11200643536,94773.11200643536,94644.06637120109,94644.06637120109,15445392739.787264,-0.0013616270744123,-0.6073489879184789,0.0013616270744123,94773.11200643536,-0.0013616270744123,0,0
2025-04-28,0.7819417212625586,Normal,94644.06637120109,94644.06637120109,93809.33781968225,93809.33781968225,15926259371.05796,-0.0088196606879186,0.0311333379067781,0.0088196606879186,94773.11200643536,-0.0101692786735511,0,0
2025-04-29,57.13046134878192,Risky,93809.33781968225,95030.60645474444,93809.33781968225,95030.60645474444,31913814736.53902,0.0130186254742536,1.0038487376724814,0.0130186254742537,95030.60645474444,0.0,1,0
2025-04-30,1.2862361302428242,Normal,95030.60645474444,95030.60645474444,94256.35946318062,94256.35946318062,25882629766.278942,-0.0081473434764676,-0.1889835176411801,0.0081473434764675,95030.60645474444,-0.0081473434764675,0,0
2025-05-01,1.0378092017591962,Normal,94256.35946318062,94256.35946318062,94235.75331048168,94235.75331048168,26541700309.366142,-0.0002186181687505,0.0254638168160898,0.0002186181687505,95030.60645474444,-0.0083641804879071,0,0
2025-05-02,84.18161168690507,High Trap Risk,94235.75331048168,96426.94522273028,94235.75331048168,96426.94522273028,30207566405.46883,0.0232522353275959,0.138117228865291,0.0232522353275959,96426.94522273028,0.0,1,0
2025-05-03,96.3170667112525,High Trap Risk,96426.94522273028,96855.5681343944,96426.94522273028,96855.5681343944,23276376191.483967,0.0044450533061486,-0.2294521220593933,0.0044450533061487,96855.5681343944,0.0,1,1
2025-05-04,1.8741623002084742,Normal,96855.5681343944,96855.5681343944,95922.86842404422,95922.86842404422,13797554863.642817,-0.0096297995904167,-0.4072292546684791,0.0096297995904168,96855.5681343944,-0.0096297995904168,0,0
2025-05-05,0.44190632421666254,Normal,95922.86842404422,95922.86842404422,94326.62048529249,94326.62048529249,14903122945.616686,-0.0166409529341349,0.080127826480842,0.0166409529341349,96855.5681343944,-0.0261105034828024,0,0
2025-05-06,0.21326749048090993,Normal,94326.62048529249,94758.8237105546,94326.62048529249,94758.8237105546,24086456278.20385,0.0045819856901319,0.6162019441226023,0.0045819856901319,96855.5681343944,-0.0216481557459908,0,0
2025-05-07,0.6448511423490837,Normal,94758.8237105546,96854.53198815876,94758.8237105546,96854.53198815876,23348052607.071873,0.0221162335658113,-0.0306563847584406,0.0221162335658113,96855.5681343944,-1.069784892697119e-05,0,1
2025-05-08,30.404557029611095,Risky,96854.53198815876,97026.493769668,96854.53198815876,97026.493769668,64376174032.08048,0.0017754644824494,1.7572395486457673,0.0017754644824494,97026.493769668,0.0,1,0
2025-05-09,73.67807873439668,High Trap Risk,97026.493769668,103076.27555512934,97026.493769668,103076.27555512934,50020047720.65604,0.0623518541216481,-0.2230037203557697,0.0623518541216481,103076.27555512934,0.0,1,1
2025-05-10,1.7320980914399593,Normal,103076.27555512934,103076.27555512934,102962.540456923,102962.540456923,40800894903.23446,-0.0011034071380033,-0.1843091567786425,0.0011034071380034,103076.27555512934,-0.0011034071380034,0,0
2025-05-11,96.47692287046509,High Trap Risk,102962.540456923,104630.8792994166,102962.540456923,104630.8792994166,21558992540.04244,0.0162033574063917,-0.4716049098635489,0.0162033574063917,104630.8792994166,0.0,1,1
2025-05-12,0.5527834932782729,Normal,104630.8792994166,104630.8792994166,103994.061616746,103994.061616746,27389436049.454792,-0.0060863263974706,0.2704413714408602,0.0060863263974706,104630.8792994166,-0.0060863263974706,0,0
2025-05-13,0.22054879460586596,Normal,103994.061616746,103994.061616746,102876.8304286011,102876.8304286011,43090605819.36596,-0.0107432210145064,0.5732564095719566,0.0107432210145063,104630.8792994166,-0.0167641606623225,0,0
2025-05-14,1.253455303696832,Normal,102876.8304286011,104184.49039270742,102876.8304286011,104184.49039270742,33861432519.50822,0.0127109278022894,-0.2141806346038868,0.0127109278022894,104630.8792994166,-0.0042663208958779,0,1
2025-05-15,1.2693546964084148,Normal,104184.49039270742,104184.49039270742,103594.42575090707,103594.42575090707,28398245846.798244,-0.0056636514665108,-0.1613395023840922,0.0056636514665108,104630.8792994166,-0.0099058094077902,0,0
2025-05-16,0.8194208277047609,Normal,103594.42575090707,103708.8513642364,103594.42575090707,103708.8513642364,31823340473.339912,0.0011045537682159,0.1206093730232225,0.0011045537682158,104630.8792994166,-0.0088121971386829,0,0
2025-05-17,1.4945766983256643,Normal,103708.8513642364,103708.8513642364,103556.03493982446,103556.03493982446,25887953182.14765,-0.0014735138071796,-0.1865105046456279,0.0014735138071796,104630.8792994166,-0.0102727260517071,0,0
2025-05-18,1.5902764360690689,Normal,103556.03493982446,103556.03493982446,103212.36483885496,103212.36483885496,18950056010.479057,-0.0033186873287414,-0.26799713066744,0.0033186873287413,104630.8792994166,-0.013557321414669,0,0
2025-05-19,62.76651607751316,High Trap Risk,103212.36483885496,106030.6376831359,103212.36483885496,106030.6376831359,30744060179.802963,0.0273055737912903,0.6223730506549439,0.0273055737912903,106030.6376831359,0.0,1,0
2025-05-20,0.4603203090554518,Normal,106030.6376831359,106030.6376831359,105629.41580436694,105629.41580436694,43339734153.75087,-0.0037840183510728,0.4096945523877981,0.0037840183510729,106030.6376831359,-0.0037840183510729,0,0
2025-05-21,94.64516820632034,High Trap Risk,105629.41580436694,106786.71995834044,105629.41580436694,106786.71995834044,36393687094.25122,0.010956267675634,-0.1602697200416144,0.010956267675634,106786.71995834044,0.0,1,1
2025-05-22,60.84295384631771,High Trap Risk,106786.71995834044,109665.86371625264,106786.71995834044,109665.86371625264,60722883113.84,0.0269616274292852,0.6685004450519616,0.0269616274292852,109665.86371625264,0.0,1,0
2025-05-23,93.01004827029757,High Trap Risk,109665.86371625264,111560.356938144,109665.86371625264,111560.356938144,52218408239.45193,0.0172751406654045,-0.1400538715930918,0.0172751406654046,111560.356938144,0.0,1,1
2025-05-24,0.2536578256669698,Normal,111560.356938144,111560.356938144,107216.66856870624,107216.66856870624,49251745837.96465,-0.0389357697362529,-0.0568125781981594,0.0389357697362529,111560.356938144,-0.0389357697362529,0,0
2025-05-25,1.6724804376504518,Normal,107216.66856870624,107831.36374380375,107216.66856870624,107831.36374380375,27128230116.51716,0.005733205324353,-0.4491925178496729,0.0057332053243531,111560.356938144,-0.0334257911742594,0,1
2025-05-26,0.49422151989368945,Normal,107831.36374380375,108861.81037744328,107831.36374380375,108861.81037744328,29652659665.048733,0.0095560938660459,0.0930554458469652,0.0095560938660458,111560.356938144,-0.0241891173062216,0,0
2025-05-27,0.9730732874413938,Normal,108861.81037744328,109377.71513263127,108861.81037744328,109377.71513263127,27950577137.918888,0.00473907932818,-0.057400669833879,0.0047390793281799,111560.356938144,-0.0195646721238344,0,1
2025-05-28,0.36511501859054823,Normal,109377.71513263127,109377.71513263127,109068.45694901443,109068.45694901443,38978783508.88622,-0.002827433204669,0.3945609536629575,0.002827433204669,111560.356938144,-0.0223367875249021,0,0
2025-05-29,0.8750521909371275,Normal,109068.45694901443,109068.45694901443,107838.18431100152,107838.18431100152,29794278037.284943,-0.0112798206963542,-0.2356283250734963,0.0112798206963542,111560.356938144,-0.0333646532630429,0,0
2025-05-30,0.17884176015823178,Normal,107838.18431100152,107838.18431100152,105745.41660358038,105745.41660358038,38279231892.56757,-0.0194065554867436,0.2847846772680462,0.0194065554867436,111560.356938144,-0.0521237157549414,0,0
2025-05-31,0.2539515272295624,Normal,105745.41660358038,105745.41660358038,104010.91956242644,104010.91956242644,39680060337.610214,-0.0164025741905792,0.0365949987965832,0.0164025741905792,111560.356938144,-0.0676713268307615,0,0
2025-06-01,1.1294609718312412,Normal,104010.91956242644,104687.50742934884,104010.91956242644,104687.50742934884,20432694555.09522,0.0065049695721257,-0.4850639242670616,0.0065049695721257,111560.356938144,-0.0616065571805753,0,1
2025-06-02,0.5614393396414663,Normal,104687.50742934884,105710.00593822816,104687.50742934884,105710.00593822816,17721500507.53389,0.0097671492424191,-0.132689011733171,0.0097671492424191,111560.356938144,-0.0524411283764504,0,1
2025-06-03,0.19758835046580236,Normal,105710.00593822816,105884.74263221148,105710.00593822816,105884.74263221148,26313843058.73954,0.0016529815927304,0.4848541209900827,0.0016529815927304,111560.356938144,-0.0508748310036282,0,0
2025-06-04,0.48663074285741476,Normal,105884.74263221148,105884.74263221148,105434.47745144973,105434.47745144973,25925661121.080395,-0.0042524085110707,-0.0147520047449024,0.0042524085110707,111560.356938144,-0.0549108989503399,0,0
2025-06-05,0.41678641110302694,Normal,105434.47745144973,105434.47745144973,104812.9182188067,104812.9182188067,25812143562.79796,-0.0058952180317793,-0.0043785791132683,0.0058952180317793,111560.356938144,-0.060482405260486,0,0
2025-06-06,0.0439794700160006,Normal,104812.9182188067,104812.9182188067,101650.7387545425,101650.7387545425,39711941132.0234,-0.0301697492828399,0.5384983829571861,0.0301697492828399,111560.356938144,-0.0888274155405939,0,0
2025-06-07,0.30449738909586993,Normal,101650.7387545425,104409.74967959142,101650.7387545425,104409.74967959142,29897390978.090103,0.0271420646701952,-0.2471435511375423,0.0271420646701952,111560.356938144,-0.0640963103274877,0,1
2025-06-08,0.8909721297470736,Normal,104409.74967959142,105681.4546141758,104409.74967959142,105681.4546141758,17749731308.73042,0.012179944291476,-0.4063116971732393,0.012179944291476,111560.356938144,-0.0526970555250896,0,1
2025-06-09,0.7511983865919734,Normal,105681.4546141758,105692.24740699006,105681.4546141758,105692.24740699006,16044679696.270103,0.0001021257026945,-0.0960606998947452,0.0001021257026945,111560.356938144,-0.0526003115462205,0,1
2025-06-10,0.011777752885193445,Normal,105692.24740699006,110261.57485948496,105692.24740699006,110261.57485948496,38222993297.50514,0.0432323804687371,1.382284596581309,0.0432323804687371,111560.356938144,-0.0116419677590236,0,0
2025-06-11,1.135158332574179,Normal,110261.57485948496,110261.57485948496,110212.73252109604,110212.73252109604,36303839182.734825,-0.0004429679011129,-0.0502094145226345,0.0004429679011129,111560.356938144,-0.0120797786421136,0,0
2025-06-12,0.9443614943813213,Normal,110212.73252109604,110212.73252109604,108679.9760916168,108679.9760916168,30338936631.626648,-0.0139072536758477,-0.1643050070017093,0.0139072536758477,110261.57485948496,-0.0143440611099896,0,0
2025-06-13,0.23265676030819527,Normal,108679.9760916168,108679.9760916168,105979.22902375912,105979.22902375912,35865159511.38857,-0.0248504569561274,0.182149524449751,0.0248504569561274,110261.57485948496,-0.0388380615929272,0,0
2025-06-14,0.31084151858544357,Normal,105979.22902375912,106045.56440819205,105979.22902375912,106045.56440819205,49471015505.74361,0.0006259281657734,0.3793613685179526,0.0006259281657734,110261.57485948496,-0.0382364432638088,0,0
2025-06-15,2.00356995587384,Normal,106045.56440819205,106045.56440819205,105482.90611628916,105482.90611628916,17916412455.866283,-0.0053058163728291,-0.6378402126435796,0.005305816372829,110261.57485948496,-0.04333938408993,0,0
2025-06-16,0.8218562791719054,Normal,105482.90611628916,105554.49383061715,105482.90611628916,105554.49383061715,16568441852.649668,0.0006786664964375,-0.075236636047372,0.0006786664964375,110261.57485948496,-0.0426901305814506,0,1
2025-06-17,0.06953641800447125,Normal,105554.49383061715,106951.2720181497,105554.49383061715,106951.2720181497,32095957011.724205,0.0132327685619331,0.9371741348503052,0.013232768561933,110261.57485948496,-0.0300222706373806,0,0
2025-06-18,0.2058901968771817,Normal,106951.2720181497,106951.2720181497,104683.42479835715,104683.42479835715,38603212010.889435,-0.0212044903907986,0.2027437598071377,0.0212044903907986,110261.57485948496,-0.0505901540789389,0,0
2025-06-19,0.9806973181354669,Normal,104683.42479835715,104722.695052907,104683.42479835715,104722.695052907,30339326410.154945,0.0003751334523636,-0.2140724869838126,0.0003751334523635,110261.57485948496,-0.0502339986857306,0,1
2025-06-20,1.2885999300200301,Normal,104722.695052907,104722.695052907,104690.65002458123,104690.65002458123,18063282658.152294,-0.000305998888871,-0.4046247957533332,0.000305998888871,110261.57485948496,-0.0505246260268202,0,0
2025-06-21,0.07683774934732661,Normal,104690.65002458123,104690.65002458123,103290.105144757,103290.105144757,30632751225.407444,-0.013377936611296,0.6958573812486024,0.013377936611296,110261.57485948496,-0.06322664739382,0,0
2025-06-22,0.40960872249752933,Normal,103290.105144757,103290.105144757,101532.5683847329,101532.5683847329,21644463198.719532,-0.0170155384928787,-0.2934208540574324,0.0170155384928786,110261.57485948496,-0.0791663504341935,0,0
2025-06-23,0.01650070580428569,Normal,101532.5683847329,101532.5683847329,100852.58264648831,100852.58264648831,51287142390.02526,-0.0066972179376764,1.3695271127379756,0.0066972179376764,110261.57485948496,-0.0853333740696817,0,0
2025-06-24,0.12939702730881164,Normal,100852.58264648831,105511.62437933136,100852.58264648831,105511.62437933136,50011797128.6837,0.0461965535297601,-0.02486676390825,0.04619655352976,110261.57485948496,-0.0430789283230067,0,1
2025-06-25,1.3667868767349562,Normal,105511.62437933136,105976.06929808448,105511.62437933136,105976.06929808448,31704641076.941063,0.0044018364941795,-0.3660567526625188,0.0044018364941796,110261.57485948496,-0.0388667182276494,0,1
2025-06-26,0.6312759525613382,Normal,105976.06929808448,107238.53045016268,105976.06929808448,107238.53045016268,30468274982.034847,0.0119127002958301,-0.0389963757011407,0.0119127002958301,110261.57485948496,-0.0274170254975478,0,1
2025-06-27,1.1119993354768989,Normal,107238.53045016268,107238.53045016268,106984.01253775664,106984.01253775664,24320699663.15122,-0.0023733812029839,-0.2017697202256594,0.0023733812029839,110261.57485948496,-0.0297253356475741,0,0
2025-06-28,0.7185408350449246,Normal,106984.01253775664,107078.91560644074,106984.01253775664,107078.91560644074,25194306261.888832,0.000887077110242,0.0359202905688289,0.0008870771102421,110261.57485948496,-0.0288646272021792,0,0
2025-06-29,3.117429237820017,Normal,107078.91560644074,107331.58548463575,107078.91560644074,107331.58548463575,8960877693.57604,0.002359660412734,-0.6443292543787535,0.002359660412734,110261.57485948496,-0.0265730775075824,0,1
2025-06-30,0.17206876803934135,Normal,107331.58548463575,108396.61631317894,107331.58548463575,108396.61631317894,14881078675.366829,0.0099228090569447,0.6606719993550318,0.0099228090569447,110212.73252109604,-0.0164782794725598,0,0
2025-07-01,0.25378861363077126,Normal,108396.61631317894,108396.61631317894,107132.79910701896,107132.79910701896,22489515582.41552,-0.0116591942548147,0.511282620905916,0.0116591942548147,108679.9760916168,-0.0142360813853471,0,0
2025-07-02,0.44604099590827717,Normal,107132.79910701896,107132.79910701896,105613.39974163056,105613.39974163056,25033160828.30909,-0.0141823921157012,0.1131036031688668,0.0141823921157012,108396.61631317894,-0.0256762311058411,0,0
2025-07-03,67.90158717577329,High Trap Risk,105613.39974163056,108824.44423167944,105613.39974163056,108824.44423167944,36395184773.06136,0.0304037602984497,0.4538789177554987,0.0304037602984496,108824.44423167944,0.0,1,0
2025-07-04,95.5043582148621,High Trap Risk,108824.44423167944,109602.20483914016,108824.44423167944,109602.20483914016,29892049537.628605,0.0071469292855281,-0.1786811985151999,0.0071469292855281,109602.20483914016,0.0,1,1
2025-07-05,0.9846120102599409,Normal,109602.20483914016,109602.20483914016,108040.8919400104,108040.8919400104,24248906784.57383,-0.0142452690748443,-0.188784069354331,0.0142452690748443,109602.20483914016,-0.0142452690748443,0,0
2025-07-06,3.5227662619475275,Normal,108040.8919400104,108217.46849992426,108040.8919400104,108217.46849992426,10042942280.966904,0.0016343493351749,-0.5858393794743846,0.0016343493351748,109602.20483914016,-0.0126342014857113,0,1
2025-07-07,0.3280878078975792,Normal,108217.46849992426,109215.19771840284,108217.46849992426,109215.19771840284,14638669497.351295,0.0092196688049421,0.4576076500105035,0.0092196688049422,109602.20483914016,-0.0035310158340822,0,0
2025-07-08,0.18046868898260296,Normal,109215.19771840284,109215.19771840284,108300.71675785031,108300.71675785031,25493246475.80407,-0.0083732024448685,0.7415002422465231,0.0083732024448684,109602.20483914016,-0.0118746523685358,0,0
2025-07-09,1.5174836350889613,Normal,108300.71675785031,108953.19187727802,108300.71675785031,108953.19187727802,20488865138.27645,0.0060246611376226,-0.1963022380173248,0.0060246611376227,109602.20483914016,-0.0059215319875606,0,1
2025-07-10,58.641973683306546,Risky,108953.19187727802,111327.53054245668,108953.19187727802,111327.53054245668,37078460440.66385,0.0217922818438678,0.8096883448852128,0.0217922818438678,111327.53054245668,0.0,1,0
2025-07-11,55.47449947793937,Risky,111327.53054245668,115879.65030112496,111327.53054245668,115879.65030112496,56204086624.04028,0.0408894344147179,0.5158150029983826,0.0408894344147178,115879.65030112496,0.0,1,0
2025-07-12,88.03657280716855,High Trap Risk,115879.65030112496,117571.02510036016,115879.65030112496,117571.02510036016,64185145923.88688,0.0145959605059213,0.1420014055780927,0.0145959605059213,117571.02510036016,0.0,1,0
2025-07-13,4.104715177498159,Normal,117571.02510036016,117571.02510036016,117418.95745007684,117418.95745007684,24351256098.393543,-0.0012934109416288,-0.6206091651287953,0.0012934109416288,117571.02510036016,-0.0012934109416288,0,0
2025-07-14,88.52268933012401,High Trap Risk,117418.95745007684,119117.55666327637,117418.95745007684,119117.55666327637,27310851454.97692,0.0144661411588646,0.1215376876094134,0.0144661411588646,119117.55666327637,0.0,1,0
2025-07-15,37.50602612595142,Risky,119117.55666327637,119833.67446712356,119117.55666327637,119833.67446712356,68915956378.80447,0.0060118577303556,1.5233909859022634,0.0060118577303556,119833.67446712356,0.0,1,0
2025-07-16,0.4057917824477684,Normal,119833.67446712356,119833.67446712356,117678.19493404306,117678.19493404306,80299520980.2335,-0.0179872606148938,0.1651803907190661,0.0179872606148938,119833.67446712356,-0.0179872606148938,0,0
2025-07-17,1.8384999323055822,Normal,117678.19493404306,118748.1627367753,117678.19493404306,118748.1627367753,50374263848.76278,0.0090923199776469,-0.3726704314816164,0.0090923199776469,119833.67446712356,-0.0090584865662788,0,1
2025-07-18,1.1169137959236475,Normal,118748.1627367753,119445.36520434044,118748.1627367753,119445.36520434044,49282617205.72662,0.0058712695126965,-0.0216707215079822,0.0058712695126964,119833.67446712356,-0.0032404018695901,0,1
2025-07-19,0.46873812979766405,Normal,119445.36520434044,119445.36520434044,117988.94664455787,117988.94664455787,58896449260.69391,-0.0121931776698996,0.1950755174960585,0.0121931776698996,119833.67446712356,-0.0153940687437719,0,0
2025-07-20,3.157304416775665,Normal,117988.94664455787,117988.94664455787,117901.62655900871,117901.62655900871,23934511126.349533,-0.0007400700492072,-0.5936170783333987,0.0007400700492073,119833.67446712356,-0.0161227461037666,0,0
2025-07-21,0.25822524758349075,Normal,117901.62655900871,117901.62655900871,117256.9208222684,117256.9208222684,36702153882.06748,-0.005468166602584,0.5334407161407209,0.0054681666025841,119833.67446712356,-0.0215027508445641,0,0
2025-07-22,0.5022447946122345,Normal,117256.9208222684,117482.46977767294,117256.9208222684,117482.46977767294,46344384345.39471,0.0019235449287162,0.2627156568061357,0.0019235449287161,119833.67446712356,-0.0196205674231885,0,0
2025-07-23,81.48489121111402,High Trap Risk,117482.46977767294,119955.79570607652,117482.46977767294,119955.79570607652,58939000420.94166,0.0210527232963706,0.2717614281307956,0.0210527232963706,119955.79570607652,0.0,1,0
2025-07-24,1.2373632845213594,Normal,119955.79570607652,119955.79570607652,118629.05588130427,118629.05588130427,45225685167.61703,-0.0110602394570672,-0.2326696271634112,0.0110602394570672,119955.79570607652,-0.0110602394570672,0,0
2025-07-25,0.7045887129251024,Normal,118629.05588130427,118629.05588130427,118354.43517438594,118354.43517438594,51940414419.3327,-0.0023149531527343,0.1484715870379698,0.0023149531527343,119955.79570607652,-0.0133495886736004,0,0
2025-07-26,0.1580742478578916,Normal,118354.43517438594,118354.43517438594,117540.8083708574,117540.8083708574,91617702596.10349,-0.0068744935695036,0.7639001078513252,0.0068744935695035,119955.79570607652,-0.0201323105816119,0,0
2025-07-27,4.069422129021373,Normal,117540.8083708574,117959.54234360624,117540.8083708574,117959.54234360624,25145925063.881348,0.0035624561252605,-0.725534210623714,0.0035624561252606,119955.79570607652,-0.0166415749294984,0,1
2025-07-28,0.48352779913292165,Normal,117959.54234360624,119418.91405141471,117959.54234360624,119418.91405141471,30220402191.467663,0.0123717986592168,0.2018011711517864,0.0123717986592169,119955.79570607652,-0.0044756624846814,0,0
2025-07-29,0.28446836164513883,Normal,119418.91405141471,119418.91405141471,118003.30201607826,118003.30201607826,43433742203.62158,-0.0118541693883347,0.4372324341826441,0.0118541693883347,119955.79570607652,-0.0162767766117977,0,0
2025-07-30,0.9451668189872892,Normal,118003.30201607826,118003.30201607826,117853.30892863822,117853.30892863822,42860287143.68828,-0.0012710922904479,-0.0132029853021848,0.001271092290448,119955.79570607652,-0.0175271796169811,0,0
2025-07-31,0.9380975229893378,Normal,117853.30892863822,117853.30892863822,117833.24087995924,117833.24087995924,43054424656.58649,-0.000170279891684,0.0045295429834002,0.000170279891684,119955.79570607652,-0.0176944749824185,0,0
2025-08-01,0.3888691397086747,Normal,117833.24087995924,117833.24087995924,115700.00243915782,115700.00243915782,45238249453.35885,-0.0181038765026807,0.0507224243313231,0.0181038765026807,119955.79570607652,-0.0354780128952378,0,0
2025-08-02,0.11254335793931913,Normal,115700.00243915782,115700.00243915782,113234.6051343189,113234.6051343189,65794680822.25255,-0.0213085328683149,0.4544037759482187,0.0213085328683149,119955.79570607652,-0.0560305613596721,0,0
2025-08-03,1.0975816766030295,Normal,113234.6051343189,113234.6051343189,112554.90232221724,112554.90232221724,33543439044.09785,-0.0060026068117198,-0.4901800780109103,0.0060026068117197,119955.79570607652,-0.0616968387421098,0,0
2025-08-04,0.6540456921357453,Normal,112554.90232221724,114199.10966460756,112554.90232221724,114199.10966460756,24689273719.085533,0.0146080473481586,-0.2639611672903365,0.0146080473481586,119955.79570607652,-0.0479900617355276,0,1
2025-08-05,0.2568274801960149,Normal,114199.10966460756,115138.68613070175,114199.10966460756,115138.68613070175,32488023582.82734,0.0082275288209658,0.3158760339601705,0.0082275288209658,119955.79570607652,-0.0401573725306108,0,0
2025-08-06,0.3382400314450579,Normal,115138.68613070175,115138.68613070175,114128.35408881678,114128.35408881678,37316213251.97167,-0.0087749137656311,0.1486144473157928,0.0087749137656311,119955.79570607652,-0.0485799088152315,0,0
2025-08-07,0.7333960367138538,Normal,114128.35408881678,115022.09576830892,114128.35408881678,115022.09576830892,32052509631.058872,0.0078310222435751,-0.1410567461754625,0.0078310222435751,119955.79570607652,-0.0411293169181793,0,1
2025-08-08,0.2711481600572285,Normal,115022.09576830892,117463.47451085236,115022.09576830892,117463.47451085236,38289687095.00489,0.0212253022015975,0.1945924838878199,0.0212253022015974,119955.79570607652,-0.0207769968975154,0,0
2025-08-09,0.900383367391742,Normal,117463.47451085236,117463.47451085236,116688.36663186055,116688.36663186055,33017415812.97353,-0.0065987140446811,-0.137694290082594,0.0065987140446811,119955.79570607652,-0.0272386094809627,0,0
2025-08-10,1.0689302414367863,Normal,116688.36663186055,116688.36663186055,116510.08393213755,116510.08393213755,27638785406.21056,-0.0015278532459491,-0.1629028279266345,0.0015278532459492,119955.79570607652,-0.0287248461290013,0,0
2025-08-11,0.22996521990950458,Normal,116510.08393213755,119266.92516880557,116510.08393213755,119266.92516880557,37157754754.85189,0.023661825171062,0.3444062106470993,0.0236618251710621,119955.79570607652,-0.0057427032451092,0,0
2025-08-12,0.265454013676547,Normal,119266.92516880557,119266.92516880557,118773.79960860992,118773.79960860992,61739781527.95854,-0.0041346379937078,0.6615584535526018,0.0041346379937078,119418.91405141471,-0.005402112788658,0,0
2025-08-13,95.23036194426253,High Trap Risk,118773.79960860992,120202.53485503166,118773.79960860992,120202.53485503166,46941089789.57991,0.012029043872721,-0.2396945919168359,0.0120290438727209,120202.53485503166,0.0,1,1
2025-08-14,75.48966108217282,High Trap Risk,120202.53485503166,123560.99363577303,120202.53485503166,123560.99363577303,61818118105.53991,0.0279399996413702,0.3169297598894356,0.0279399996413702,123560.99363577303,0.0,1,0
2025-08-15,0.13409683012888343,Normal,123560.99363577303,123560.99363577303,118405.59579823952,118405.59579823952,73822008367.99681,-0.0417235058236123,0.1941807779066175,0.0417235058236124,123560.99363577303,-0.0417235058236124,0,0
2025-08-16,1.0019917828703988,Normal,118405.59579823952,118405.59579823952,117339.79190213275,117339.79190213275,44268714220.021,-0.0090012966779279,-0.400331754734374,0.0090012966779278,123560.99363577303,-0.0503492368471787,0,0
2025-08-17,1.634936794013448,Normal,117339.79190213275,117501.21653394958,117339.79190213275,117501.21653394958,23202714236.542347,0.0013757023870595,-0.4758665426508216,0.0013757023870595,123560.99363577303,-0.0490428000254365,0,1
2025-08-18,0.7952080913422597,Normal,117501.21653394958,117542.83687778088,117501.21653394958,117542.83687778088,20906566026.645443,0.0003542120248538,-0.0989603279378694,0.0003542120248539,123560.99363577303,-0.048705959550084,0,1
2025-08-19,0.027367177281191,Normal,117542.83687778088,117542.83687778088,116256.41276740946,116256.41276740946,47337926940.98573,-0.0109443003465112,1.2642612316462438,0.0109443003465112,123560.99363577303,-0.0591172072466141,0,0
2025-08-20,0.14418521579063587,Normal,116256.41276740946,116256.41276740946,112778.34483555844,112778.34483555844,46156885037.403885,-0.0299172135889783,-0.0249491682441904,0.0299172135889783,123560.99363577303,-0.0872657987196117,0,0
2025-08-21,0.3148742671302019,Normal,112778.34483555844,114252.39755195397,112778.34483555844,114252.39755195397,42166369117.006935,0.0130703524559154,-0.0864554858319225,0.0130703524559155,123560.99363577303,-0.0753360410103085,0,1
2025-08-22,0.31722951436067315,Normal,114252.39755195397,114252.39755195397,112414.39987336512,112414.39987336512,32048202090.65466,-0.0160871694421383,-0.2399582235377084,0.0160871694421384,123560.99363577303,-0.0902112667956142,0,0
2025-08-23,0.035736614990876915,Normal,112414.39987336512,116834.24948202296,112414.39987336512,116834.24948202296,50878158870.82928,0.0393174683460197,0.5875511121313568,0.0393174683460197,123560.99363577303,-0.0544406770762853,0,0
2025-08-24,0.801361041297584,Normal,116834.24948202296,116834.24948202296,115359.98346714744,115359.98346714744,27306719885.257973,-0.0126184404094825,-0.4632919018436782,0.0126184404094825,123560.99363577303,-0.0663721610462289,0,0
2025-08-25,0.07849498021545287,Normal,115359.98346714744,115359.98346714744,113399.54847314973,113399.54847314973,40682656776.69001,-0.0169940644500526,0.4898404842338195,0.0169940644500526,123560.99363577303,-0.0822382927137726,0,0
2025-08-26,0.055828129029785206,Normal,113399.54847314973,113399.54847314973,110185.35443900424,110185.35443900424,52854872363.936554,-0.028343975592694,0.2991991318084435,0.0283439755926941,123560.99363577303,-0.1082513081450027,0,0
2025-08-27,0.26387264693686197,Normal,110185.35443900424,111842.70999260596,110185.35443900424,111842.70999260596,43023800053.0546,0.0150415230956959,-0.1860012496707833,0.0150415230956959,123560.99363577303,-0.0948380496009092,0,1
2025-08-28,0.30006509576798207,Normal,111842.70999260596,111842.70999260596,111216.08479629167,111216.08479629167,36957904262.99581,-0.0056027361672094,-0.1409893078384211,0.0056027361672094,123560.99363577303,-0.099909433197592,0,0
2025-08-29,0.2592143473434056,Normal,111216.08479629167,112525.59740669793,111216.08479629167,112525.59740669793,34222495087.206898,0.0117744893897748,-0.0740141853370118,0.0117744893897749,123560.99363577303,-0.0893113263689405,0,1
2025-08-30,0.023441844055448958,Normal,112525.59740669793,112525.59740669793,108480.30666639366,108480.30666639366,51702115726.38959,-0.0359499601293693,0.5107640630713961,0.0359499601293693,123560.99363577303,-0.1220505478762454,0,0
2025-08-31,0.5037060575018663,Normal,108480.30666639366,108781.95727925688,108480.30666639366,108781.95727925688,27799981330.792213,0.0027806946913495,-0.4623047637371122,0.0027806946913495,123560.99363577303,-0.1196092384954515,0,1
2025-09-01,0.1782833186195948,Normal,108781.95727925688,108781.95727925688,108253.36092385623,108253.36092385623,26140904019.246822,-0.0048592282086235,-0.0596790800613862,0.0048592282086235,123560.99363577303,-0.123887258118366,0,0
2025-09-02,0.03926689482339924,Normal,108253.36092385623,109162.68557992298,108253.36092385623,109162.68557992298,42999610648.39302,0.0083999669692136,0.6449167410864445,0.0083999669692135,123560.99363577303,-0.1165279400252532,0,0
2025-09-03,0.16891467608492408,Normal,109162.68557992298,111190.18209845416,109162.68557992298,111190.18209845416,50235464642.845955,0.0185731645182616,0.1682771979872184,0.0185731645182616,118405.59579823952,-0.0609381140404906,0,0
2025-09-04,0.9519741880339447,Normal,111190.18209845416,111711.51977725116,111190.18209845416,111711.51977725116,36406080683.42747,0.004688702446187,-0.2752912520614644,0.004688702446187,117542.83687778088,-0.049610144313541,0,1
2025-09-05,0.3470240076123031,Normal,111711.51977725116,111711.51977725116,110724.736377486,110724.736377486,38708366685.43147,-0.0088333181907539,0.063239051245965,0.0088333181907539,117542.83687778088,-0.0580052403140842,0,0
2025-09-06,0.1984311808008587,Normal,110724.736377486,110724.736377486,110662.18112628513,110662.18112628513,56020470627.40665,-0.0005649618436445,0.4472444958131201,0.0005649618436444,117542.83687778088,-0.0585374314102198,0,0
2025-09-07,1.7458398861708937,Normal,110662.18112628513,110662.18112628513,110209.1888247784,110209.1888247784,19340758702.076332,-0.0040934698457623,-0.6547555119500489,0.0040934698457622,116834.24948202296,-0.0567047820875842,0,0
2025-09-08,0.31643306543701927,Normal,110209.1888247784,111131.9923868407,110209.1888247784,111131.9923868407,22147049159.335133,0.0083731998384406,0.1450972270781461,0.0083731998384406,116834.24948202296,-0.0488063827213581,0,0
2025-09-09,0.12129319109998099,Normal,111131.9923868407,112025.12878118773,111131.9923868407,112025.12878118773,37159847899.8603,0.0080367171969535,0.6778690304300503,0.0080367171969534,116834.24948202296,-0.0411619086197425,0,0
2025-09-10,0.35003165624853033,Normal,112025.12878118773,112025.12878118773,111547.43956434788,111547.43956434788,45338021458.38368,-0.0042641255764399,0.220080921228801,0.00426412557644,116834.24948202296,-0.045250514648862,0,0
2025-09-11,0.2738312638963925,Normal,111547.43956434788,113975.32489468766,111547.43956434788,113975.32489468766,52205187155.05567,0.0217654958269051,0.1514659324729343,0.0217654958269052,116834.24948202296,-0.0244699187097119,0,0
2025-09-12,1.1731676870649121,Normal,113975.32489468766,115503.16663193036,113975.32489468766,115503.16663193036,43752917632.95067,0.0134050219962471,-0.1619047834653049,0.0134050219962471,115503.16663193036,0.0,0,1
2025-09-13,90.72113341351607,High Trap Risk,115503.16663193036,116160.14344594492,115503.16663193036,116160.14344594492,51192951485.864395,0.0056879549987414,0.1700465764438661,0.0056879549987414,116160.14344594492,0.0,1,0
2025-09-14,2.6783197280760387,Normal,116160.14344594492,116160.14344594492,115970.58488443034,115970.58488443034,30063858747.76022,-0.0016318726534871,-0.4127344121570804,0.0016318726534871,116160.14344594492,-0.0016318726534871,0,0
2025-09-15,1.207545031666126,Normal,115970.58488443034,115970.58488443034,115373.55555886828,115373.55555886828,26889399414.610912,-0.005148109981139,-0.1055905484317047,0.005148109981139,116160.14344594492,-0.0067715815747307,0,0
2025-09-16,0.24477952166369293,Normal,115373.55555886828,115397.25272727507,115373.55555886828,115397.25272727507,46947581231.08198,0.0002053951470248,0.7459512764562541,0.0002053951470248,116160.14344594492,-0.006567577277699,0,0
2025-09-17,94.34707323222524,High Trap Risk,115397.25272727507,116762.8496864193,115397.25272727507,116762.8496864193,39964451595.09973,0.011833877556614,-0.1487431184497107,0.0118338775566141,116762.8496864193,0.0,1,1
2025-09-18,0.5255401232077664,Normal,116762.8496864193,116762.8496864193,116455.9464822532,116455.9464822532,54740952295.37868,-0.002628431945523,0.3697411101742924,0.0026284319455231,116762.8496864193,-0.0026284319455231,0,0
2025-09-19,95.90066415581563,High Trap Risk,116455.9464822532,117145.49508952006,116455.9464822532,117145.49508952006,43642467075.25838,0.0059211111849228,-0.2027455635085334,0.0059211111849229,117145.49508952006,0.0,1,1
2025-09-20,1.1084416465898674,Normal,117145.49508952006,117145.49508952006,115655.81046441344,115655.81046441344,34296721252.33001,-0.0127165336060787,-0.2141433894379134,0.0127165336060787,117145.49508952006,-0.0127165336060787,0,0
2025-09-21,2.835911606098205,Normal,115655.81046441344,115715.51536781774,115655.81046441344,115715.51536781774,18774953731.290394,0.000516229173135,-0.4525729269233022,0.0005162291731349,117145.49508952006,-0.0122068690785723,0,1
2025-09-22,0.8984326810496173,Normal,115715.51536781774,115715.51536781774,115304.47999407038,115304.47999407038,18659113982.495464,-0.0035521198038208,-0.0061699086161725,0.0035521198038208,117145.49508952006,-0.0157156286209966,0,0
2025-09-23,0.0014162244936005493,Normal,115304.47999407038,115304.47999407038,112696.74101711863,112696.74101711863,69152342029.46799,-0.022616111508294,2.7060892652427846,0.0226161115082939,117145.49508952006,-0.0379763137199751,0,0
2025-09-24,1.0536548299109687,Normal,112696.74101711863,112696.74101711863,112022.16587861197,112022.16587861197,46154878824.043465,-0.0059857555100391,-0.3325623186503875,0.0059857555100391,117145.49508952006,-0.0437347523009139,0,0
2025-09-25,0.4735100760992298,Normal,112022.16587861197,113320.56908541008,112022.16587861197,113320.56908541008,46677543220.334526,0.0115905918852263,0.0113241418807232,0.0115905918852263,117145.49508952006,-0.032651072080809,0,0
2025-09-26,0.041582776282238644,Normal,113320.56908541008,113320.56908541008,108963.53013595636,108963.53013595636,74481796351.47305,-0.0384487916414345,0.5956665928172915,0.0384487916414345,117145.49508952006,-0.069844469454939,0,0
2025-09-27,0.6823445116769885,Normal,108963.53013595636,109710.20874667744,108963.53013595636,109710.20874667744,55257214020.568245,0.0068525552521052,-0.2581111529612644,0.0068525552521052,117145.49508952006,-0.0634705272888277,0,1
2025-09-28,1.4802355995024372,Normal,109710.20874667744,109710.20874667744,109654.81021075726,109654.81021075726,23294896964.31016,-0.0005049533361849,-0.5784279505000168,0.0005049533361848,117145.49508952006,-0.0639434309705087,0,0
2025-09-29,0.1343129682691795,Normal,109654.81021075726,112142.57362752674,109654.81021075726,112142.57362752674,31274654338.51212,0.022687225594463,0.3425538814972073,0.022687225594463,117145.49508952006,-0.0427069044197576,0,0
2025-09-30,0.07224386626709714,Normal,112142.57362752674,114309.15041119448,112142.57362752674,114309.15041119448,57833295882.65785,0.0193198418190745,0.8492065573828258,0.0193198418190745,117145.49508952006,-0.0242121532386551,0,0
2025-10-01,0.7744193487083818,Normal,114309.15041119448,114309.15041119448,114024.22783550054,114024.22783550054,57718901820.70616,-0.0024925613974823,-0.0019779965883977,0.0024925613974823,117145.49508952006,-0.0266443643576248,0,0
2025-10-02,71.22803046882257,High Trap Risk,114024.22783550054,118503.24451752484,114024.22783550054,118503.24451752484,69920179085.4708,0.0392812717704702,0.2113913619262162,0.0392812717704701,118503.24451752484,0.0,1,0
2025-10-03,89.3371410995394,High Trap Risk,118503.24451752484,120611.71911591051,118503.24451752484,120611.71911591051,71252850672.75252,0.0177925474274576,0.019059899512738,0.0177925474274576,120611.71911591051,0.0,1,0
2025-10-04,87.90314507961763,High Trap Risk,120611.71911591051,122250.15186842805,120611.71911591051,122250.15186842805,83155430408.51796,0.0135843578428971,0.1670470672174391,0.0135843578428971,122250.15186842805,0.0,1,0
2025-10-05,98.38125325552136,High Trap Risk,122250.15186842805,122380.93708463266,122250.15186842805,122380.93708463266,35161626561.80918,0.0010698163904563,-0.5771577828522979,0.0010698163904563,122380.93708463266,0.0,1,1
2025-10-06,58.496936271366565,Risky,122380.93708463266,123506.18520027678,122380.93708463266,123506.18520027678,72011486031.26575,0.0091946355572187,1.0480135042865468,0.0091946355572188,123506.18520027678,0.0,1,0
2025-10-07,93.32902513318135,High Trap Risk,123506.18520027678,124773.50823074432,123506.18520027678,124773.50823074432,69605991064.72382,0.0102612110349975,-0.0334043233810995,0.0102612110349976,124773.50823074432,0.0,1,1
2025-10-08,0.3290296787134713,Normal,124773.50823074432,124773.50823074432,121518.75593575073,121518.75593575073,76087884719.80028,-0.0260852831754523,0.0931226401050624,0.0260852831754523,124773.50823074432,-0.0260852831754523,0,0
2025-10-09,0.9520000473320224,Normal,121518.75593575073,123352.50487523204,121518.75593575073,123352.50487523204,62576032795.36722,0.0150902543838653,-0.1775821732223407,0.0150902543838652,124773.50823074432,-0.0113886623503797,0,1
2025-10-10,0.4277519426777414,Normal,123352.50487523204,123352.50487523204,121698.03066778315,121698.03066778315,72097306668.91356,-0.013412570819882,0.1521552813148494,0.013412570819882,124773.50823074432,-0.0246484819299435,0,0
2025-10-11,0.004258532705818019,Normal,121698.03066778315,121698.03066778315,113201.74064138904,113201.74064138904,151002213089.8765,-0.0698145235364381,1.094422386446575,0.069814523536438,124773.50823074432,-0.0927421834445461,0,0
2025-10-12,0.21610425210903242,Normal,113201.74064138904,113201.74064138904,110853.11663883904,110853.11663883904,108643865752.17674,-0.020747242836046,-0.2805147452540186,0.020747242836046,124773.50823074432,-0.111565281679523,0,0
2025-10-13,0.12566125266805353,Normal,110853.11663883904,115189.5714637257,110853.11663883904,115189.5714637257,93857100744.12454,0.0391189256231279,-0.1361030823570077,0.0391189256231278,124773.50823074432,-0.0768106700125397,0,1
2025-10-14,0.7257002599501721,Normal,115189.5714637257,115222.28302116522,115189.5714637257,115222.28302116522,68935270367.04033,0.0002839801991088,-0.2655295143307985,0.0002839801991086,124773.50823074432,-0.0765485025227949,0,1
2025-10-15,0.09073527942593336,Normal,115222.28302116522,115222.28302116522,113156.56943826911,113156.56943826911,91211854988.91518,-0.0179280737087691,0.3231522050071749,0.017928073708769,124773.50823074432,-0.0931042090360394,0,0
2025-10-16,0.19235691372986968,Normal,113156.56943826911,113156.56943826911,110708.66960879424,110708.66960879424,68877328886.40259,-0.021632856506933,-0.2448642899020842,0.0216328565069329,124773.50823074432,-0.1127229555487043,0,0
2025-10-17,0.04902248789247778,Normal,110708.66960879424,110708.66960879424,108076.72862033188,108076.72862033188,84773160808.27399,-0.0237735761595069,0.2307846744186021,0.0237735761595069,124773.50823074432,-0.1338167039395494,0,0
2025-10-18,0.0651512251680344,Normal,108076.72862033188,108076.72862033188,106443.61194984637,106443.61194984637,94325236794.78165,-0.0151107152421551,0.1126780680988288,0.0151107152421551,124773.50823074432,-0.1469053530738302,0,0
2025-10-19,0.44087393244641127,Normal,106443.61194984637,107156.00337647724,106443.61194984637,107156.00337647724,34412835719.61292,0.0066926649103802,-0.6351683081964259,0.0066926649103802,124773.50823074432,-0.1411958764651142,0,1
2025-10-20,0.051175622802260276,Normal,107156.00337647724,108621.134857428,107156.00337647724,108621.134857428,45373692612.394394,0.0136728828510264,0.3185107144929222,0.0136728828510263,124773.50823074432,-0.1294535482920433,0,0
2025-10-21,0.05348496587526321,Normal,108621.134857428,110608.5714932665,108621.134857428,110608.5714932665,60452111148.14008,0.0182969607014982,0.3323163196029328,0.0182969607014982,124773.50823074432,-0.113525194076314,0,0
2025-10-22,0.020235547584723786,Normal,110608.5714932665,110608.5714932665,108486.1026271664,108486.1026271664,105841401713.00195,-0.0191890089298306,0.7508305285423991,0.0191890089298306,124773.50823074432,-0.1305357670432535,0,0
2025-10-23,0.17794775534815552,Normal,108486.1026271664,108486.1026271664,107618.4266715404,107618.4266715404,83996418125.93103,-0.0079980378556684,-0.2063935589808747,0.0079980378556684,124773.50823074432,-0.1374897748925913,0,0
2025-10-24,0.1851451069912043,Normal,107618.4266715404,110048.51827291628,107618.4266715404,110048.51827291628,56192643013.57058,0.0225806274681259,-0.3310114375433942,0.0225806274681259,124773.50823074432,-0.1180137528119914,0,1
2025-10-25,0.2337290175990768,Normal,110048.51827291628,110997.80437129698,110048.51827291628,110997.80437129698,49120903424.344864,0.008626068876516,-0.1258481397203168,0.0086260688765159,124773.50823074432,-0.1104056786956078,0,1
2025-10-26,0.6444394348293967,Normal,110997.80437129698,111620.3093731354,110997.80437129698,111620.3093731354,23214874411.21217,0.0056082641036401,-0.5273931708734285,0.0056082641036401,124773.50823074432,-0.1054165987966342,0,1
2025-10-27,0.02795294363190107,Normal,111620.3093731354,114476.01227508576,111620.3093731354,114476.01227508576,42483268634.18711,0.0255840797968407,0.8300020875266427,0.0255840797968408,123352.50487523204,-0.0719603757469265,0,0
2025-10-28,0.1311029058509201,Normal,114476.01227508576,114476.01227508576,114182.79442806762,114182.79442806762,63764801510.65889,-0.0025613911699993,0.5009391593599302,0.0025613911699993,123352.50487523204,-0.0743374482458978,0,0
2025-10-29,0.27717150462301526,Normal,114182.79442806762,114182.79442806762,112950.34863259472,112950.34863259472,66299512352.17796,-0.0107936208922378,0.0397509406674052,0.0107936208922379,121698.03066778315,-0.0718802267151574,0,0
2025-10-30,0.3194666430035651,Normal,112950.34863259472,112950.34863259472,110046.66925837284,110046.66925837284,64235327509.05742,-0.0257075733663024,-0.0311342386978014,0.0257075733663024,115222.28302116522,-0.0449185142585802,0,0
2025-10-31,0.2337920578947353,Normal,110046.66925837284,110046.66925837284,108240.76528725718,108240.76528725718,72648897659.94229,-0.0164103464765087,0.1309804196094202,0.0164103464765087,115222.28302116522,-0.0605917323528956,0,0
2025-11-01,0.6047681541035801,Normal,108240.76528725718,109573.90555629117,108240.76528725718,109573.90555629117,58800487940.5146,0.0123164342518828,-0.1906210577929186,0.0123164342518828,115222.28302116522,-0.0490215721887449,0,1
2025-11-02,1.9211514411412796,Normal,109573.90555629117,110014.13556776088,109573.90555629117,110014.13556776088,24938475577.84992,0.0040176537400462,-0.5758797851630266,0.0040176537400463,115222.28302116522,-0.0452008701515457,0,1
2025-11-03,0.259817775680463,Normal,110014.13556776088,110650.2092823146,110014.13556776088,110650.2092823146,35098774843.7742,0.0057817453300075,0.4074146085716863,0.0057817453300074,114476.01227508576,-0.0334201280839322,0,0
2025-11-04,0.014167394107396274,Normal,110650.2092823146,110650.2092823146,106521.0867382576,106521.0867382576,75068433317.86293,-0.0373168977342093,1.1387764573548504,0.0373168977342093,114476.01227508576,-0.0694898903161693,0,0
2025-11-05,0.02328434251033013,Normal,106521.0867382576,106521.0867382576,101635.2740227234,101635.2740227234,108965721650.60307,-0.045867094160798,0.4515518285723181,0.045867094160798,114476.01227508576,-0.112169685134612,0,0
2025-11-06,0.25989557549884834,Normal,101635.2740227234,103877.9596595516,101635.2740227234,103877.9596595516,77083907216.62631,0.0220660165320829,-0.2925857228404848,0.022066016532083,114476.01227508576,-0.0925788067291079,0,1
2025-11-07,0.14598954365702296,Normal,103877.9596595516,103877.9596595516,101322.6402945857,101322.6402945857,64118217249.57436,-0.0245992448575297,-0.1682022932570724,0.0245992448575297,114476.01227508576,-0.1149006828512904,0,0
2025-11-08,0.04922097347876212,Normal,101322.6402945857,103396.084215925,101322.6402945857,103396.084215925,93627003785.31018,0.020463777052305,0.4602246881081477,0.020463777052305,114476.01227508576,-0.0967882077560117,0,0
2025-11-09,0.4447606915189419,Normal,103396.084215925,103396.084215925,102290.13714655169,102290.13714655169,51095924202.31797,-0.0106962181185095,-0.4542608207405353,0.0106962181185095,114476.01227508576,-0.1064491580930633,0,0
2025-11-10,0.09392212146319134,Normal,102290.13714655169,104709.67861656273,102290.13714655169,104709.67861656273,59952468437.71812,0.0236537122493496,0.1733317162506353,0.0236537122493496,114476.01227508576,-0.0853133635984326,0,0
2025-11-11,0.19433896200320852,Normal,104709.67861656273,105909.07272321742,104709.67861656273,105909.07272321742,67546556819.52642,0.0114544722369627,0.1266684855469706,0.0114544722369626,114476.01227508576,-0.0748361109162501,0,0
2025-11-12,0.10620880920531889,Normal,105909.07272321742,105909.07272321742,102960.77564500563,102960.77564500563,71008299178.73956,-0.0278380029434953,0.0512497234827582,0.0278380029434953,114476.01227508576,-0.1005908259837791,0,0
2025-11-13,0.17956792844897126,Normal,102960.77564500563,102960.77564500563,101521.70859453591,101521.70859453591,63332414142.58827,-0.0139768474106238,-0.1080984212398866,0.0139768474106238,114476.01227508576,-0.1131617307687191,0,0
2025-11-14,0.03045785367179619,Normal,101521.70859453591,101521.70859453591,99730.4533956204,99730.4533956204,100463341916.4732,-0.0176440607995433,0.5862863160448515,0.0176440607995433,114476.01227508576,-0.1288091591103977,0,0
2025-11-15,0.0138787695378933,Normal,99730.4533956204,99730.4533956204,94456.39368235336,94456.39368235336,113198323665.38872,-0.052883141845805,0.1267624738136181,0.0528831418458049,114476.01227508576,-0.1748804679239286,0,0
2025-11-16,0.2731008040230257,Normal,94456.39368235336,95508.31019889197,94456.39368235336,95508.31019889197,39062120798.23745,0.011136530578079,-0.6549231513913223,0.0111365305780791,114182.79442806762,-0.1635490208723182,0,1
2025-11-17,0.011904634908689577,Normal,95508.31019889197,95508.31019889197,94411.32947182968,94411.32947182968,72645149972.7847,-0.011485709722828,0.8597338927911609,0.0114857097228279,112950.34863259472,-0.164134235840819,0,0
2025-11-18,0.022943931265562583,Normal,94411.32947182968,94411.32947182968,92036.7255045672,92036.7255045672,95794596045.06412,-0.0251516844487504,0.3186647158268925,0.0251516844487504,110650.2092823146,-0.1682191466105289,0,0
2025-11-19,0.061415097520270565,Normal,92036.7255045672,92819.759215009,92036.7255045672,92819.759215009,103837258806.01602,0.0085078397362468,0.0839573743509334,0.0085078397362468,110650.2092823146,-0.1611424884142127,0,0
2025-11-20,0.0794710825793522,Normal,92819.759215009,92819.759215009,91363.27838693369,91363.27838693369,82897875507.45229,-0.0156914954358102,-0.2016557788537323,0.0156914954358102,110650.2092823146,-0.1743054172285562,0,0
2025-11-21,0.006458629617634908,Normal,91363.27838693369,91363.27838693369,86649.97257918229,86649.97257918229,99171039191.1295,-0.0515886239085031,0.1963037482452045,0.0515886239085031,110650.2092823146,-0.2169018645224406,0,0
2025-11-22,0.009440861809324201,Normal,86649.97257918229,86649.97257918229,85051.8019295002,85051.8019295002,135093457122.46468,-0.0184439833286923,0.3622268983397756,0.0184439833286923,110650.2092823146,-0.2313453134779188,0,0
2025-11-23,0.18267216195926228,Normal,85051.8019295002,85051.8019295002,84682.62429147748,84682.62429147748,42644968955.2184,-0.00434062100564,-0.6843298716046629,0.00434062100564,106521.0867382576,-0.2050153928718483,0,0
2025-11-24,0.012220488453277932,Normal,84682.62429147748,86783.84766839583,84682.62429147748,86783.84766839583,60446592409.29218,0.024812922302525,0.4174378335875286,0.024812922302525,105909.07272321742,-0.1805815551308189,0,0
2025-11-25,0.027225385743960915,Normal,86783.84766839583,88229.35740719768,86783.84766839583,88229.35740719768,77606296173.43544,0.0166564375472864,0.2838820697774415,0.0166564375472863,105909.07272321742,-0.1669329629787609,0,0
2025-11-26,0.07724111678700782,Normal,88229.35740719768,88229.35740719768,87310.33159950442,87310.33159950442,67956444142.18749,-0.0104163266592971,-0.1243436745091191,0.0104163266592971,105909.07272321742,-0.1756104613654669,0,0
2025-11-27,0.03044364090658925,Normal,87310.33159950442,90474.22677969698,87310.33159950442,90474.22677969698,69690430587.90018,0.0362373515508502,0.0255161444598925,0.0362373515508503,105909.07272321742,-0.145736767839124,0,0
2025-11-28,0.15717871153244292,Normal,90474.22677969698,91279.06057176425,90474.22677969698,91279.06057176425,59295194347.668594,0.0088957244589336,-0.1491630364820335,0.0088957244589336,105909.07272321742,-0.1381374775104228,0,1
2025-11-29,0.1102506113234063,Normal,91279.06057176425,91279.06057176425,90950.37695910994,90950.37695910994,62833195066.53989,-0.0036008654185906,0.0596675794353038,0.0036008654185906,105909.07272321742,-0.1412409284632348,0,0
2025-11-30,0.2832683273775799,Normal,90950.37695910994,90950.37695910994,90841.45258193676,90841.45258193676,39253888201.69327,-0.0011976242519825,-0.3752683090502768,0.0011976242519825,105909.07272321742,-0.1422693991539172,0,0
2025-12-01,0.1540342264043277,Normal,90841.45258193676,90841.45258193676,90406.28448571144,90406.28448571144,40334819409.843475,-0.0047904132293877,0.0275369207400855,0.0047904132293878,102960.77564500563,-0.1219346987301292,0,0
2025-12-02,0.0022405071463395903,Normal,90406.28448571144,90406.28448571144,86281.49519776918,86281.49519776918,92988982967.24596,-0.0456250282976088,1.3054270312303058,0.0456250282976088,101521.70859453591,-0.1501177788253554,0,0
2025-12-03,0.04979025455169259,Normal,86281.49519776918,91344.73275150164,86281.49519776918,91344.73275150164,83138039128.81346,0.0586827748189435,-0.1059366768416248,0.0586827748189436,99730.4533956204,-0.0840838516080286,0,1
2025-12-04,0.4172100760718653,Normal,91344.73275150164,93619.43750817105,91344.73275150164,93619.43750817105,81429135004.88295,0.0249024184334483,-0.0205550208044087,0.0249024184334483,95508.31019889197,-0.019777050675354,0,1
2025-12-05,0.6492037121103346,Normal,93619.43750817105,93619.43750817105,92140.70419795792,92140.70419795792,67878296355.02588,-0.0157951526902099,-0.1664126562199694,0.0157951526902098,95508.31019889197,-0.0352598218303846,0,0
2025-12-06,0.3834978437508402,Normal,92140.70419795792,92140.70419795792,89307.09154512963,89307.09154512963,50193142876.74388,-0.0307531039348306,-0.260542094129511,0.0307531039348307,94411.32947182968,-0.0540638285177738,0,0
2025-12-07,1.657530075850994,Normal,89307.09154512963,89307.09154512963,89244.7620814118,89244.7620814118,24818678152.49986,-0.0006979228932378,-0.5055364790874819,0.0006979228932378,93619.43750817105,-0.046728281468017,0,0
2025-12-08,0.22513092004481142,Normal,89244.7620814118,90162.90714007126,89244.7620814118,90162.90714007126,33912893266.90874,0.0102879433733253,0.3664262479463624,0.0102879433733253,93619.43750817105,-0.0369210760083674,0,0
2025-12-09,0.31291355106707525,Normal,90162.90714007126,90618.0535204608,90162.90714007126,90618.0535204608,45466493941.40448,0.005048044643042,0.340684605809479,0.0050480446430421,93619.43750817105,-0.0320594106052846,0,0
2025-12-10,0.29573072971786163,Normal,90618.0535204608,92723.21372069632,90618.0535204608,92723.21372069632,54575121853.64529,0.0232311346188891,0.2003371521010541,0.023231134618889,93619.43750817105,-0.0095730524699691,0,0
2025-12-11,0.8409803549485044,Normal,92723.21372069632,92723.21372069632,92005.13714957412,92005.13714957412,52189659395.756485,-0.0077443020178875,-0.0437097046578461,0.0077443020178875,93619.43750817105,-0.0172432178782961,0,0
2025-12-12,0.8151463174807727,Normal,92005.13714957412,92494.17691640416,92005.13714957412,92494.17691640416,53232377699.408394,0.0053153528376899,0.0199794042675183,0.0053153528376899,93619.43750817105,-0.0120195188276865,0,0
2025-12-13,0.21115014096997156,Normal,92494.17691640416,92494.17691640416,90307.26028567804,90307.26028567804,67750393558.62937,-0.0236438303862376,0.272729051127512,0.0236438303862376,93619.43750817105,-0.0353791617494381,0,0
2025-12-14,1.867986394212344,Normal,90307.26028567804,90307.26028567804,90257.4292885891,90257.4292885891,35222775785.402145,-0.0005517939192408,-0.48010965050821,0.0005517939192408,93619.43750817105,-0.0359114336623578,0,0
2025-12-15,0.2929671874126204,Normal,90257.4292885891,90257.4292885891,88230.77409367911,88230.77409367911,33808538697.04244,-0.0224541648358936,-0.0401512105966909,0.0224541648358936,93619.43750817105,-0.0575592372473036,0,0
2025-12-16,0.07572661026861208,Normal,88230.77409367911,88230.77409367911,86413.9190195637,86413.9190195637,50630498834.055145,-0.0205920790424705,0.4975654312584734,0.0205920790424705,93619.43750817105,-0.0769660519267534,0,0
2025-12-17,0.3158242778274293,Normal,86413.9190195637,87821.88919109134,86413.9190195637,87821.88919109134,48317754254.70281,0.0162933262083493,-0.0456788819508279,0.0162933262083493,93619.43750817105,-0.0619267587094154,0,1
2025-12-18,0.19665168862411622,Normal,87821.88919109134,87821.88919109134,86064.94716216,86064.94716216,48886793507.656334,-0.0200057416791435,0.0117770219607864,0.0200057416791435,93619.43750817105,-0.0806936096507918,0,0
2025-12-19,0.17423608599851131,Normal,86064.94716216,86064.94716216,85450.3312009302,85450.3312009302,58649139178.511856,-0.0071413041138775,0.1996929021193956,0.0071413041138776,93619.43750817105,-0.0872586561581065,0,0
2025-12-20,0.2167045604626198,Normal,85450.3312009302,88103.86075721023,85450.3312009302,88103.86075721023,51932451056.500565,0.0310534730408529,-0.1145232174945917,0.0310534730408528,93619.43750817105,-0.0589148674438405,0,1
2025-12-21,2.0538830312042995,Normal,88103.86075721023,88347.94310567998,88103.86075721023,88347.94310567998,17103607834.780054,0.0027703933331861,-0.6706566417176811,0.0027703933331862,93619.43750817105,-0.0563076914666462,0,1
2025-12-22,0.2560231182660959,Normal,88347.94310567998,88577.42038358838,88347.94310567998,88577.42038358838,22541294542.323105,0.0025974263784942,0.3179262971924297,0.0025974263784942,93619.43750817105,-0.0538565201712796,0,0
2025-12-23,0.08907528176406164,Normal,88577.42038358838,88577.42038358838,88491.12020788102,88491.12020788102,41948947368.21024,-0.0009742909122171,0.8609821760435143,0.0009742909122171,93619.43750817105,-0.0547783391653302,0,0
2025-12-24,0.29201837307708256,Normal,88491.12020788102,88491.12020788102,87406.43636737975,87406.43636737975,46353794741.509995,-0.0122575444626891,0.1050049560156027,0.0122575444626891,92723.21372069632,-0.0573403049783405,0,0
2025-12-25,1.1532651589365954,Normal,87406.43636737975,87642.60888119951,87406.43636737975,87642.60888119951,29100645180.040016,0.0027020036925782,-0.3722057634694515,0.0027020036925782,92723.21372069632,-0.0547932350015473,0,1
2025-12-26,0.6789375199743922,Normal,87642.60888119951,87642.60888119951,87229.78066010943,87229.78066010943,22773603342.32636,-0.0047103597937125,-0.2174192977018029,0.0047103597937125,92723.21372069632,-0.0592454989441411,0,0
2025-12-27,0.054536552621773496,Normal,87229.78066010943,87305.95655961394,87229.78066010943,87305.95655961394,47130449135.786705,0.0008732785859146,1.069520946129391,0.0008732785859146,92723.21372069632,-0.0584239581837662,0,0
2025-12-28,1.919970186012412,Normal,87305.95655961394,87807.003210775,87305.95655961394,87807.003210775,15670944599.660688,0.0057389744171572,-0.6674985092013147,0.0057389744171571,92723.21372069632,-0.0530202773679747,0,1
2025-12-29,0.43458811194307495,Normal,87807.003210775,87822.90829076794,87807.003210775,87822.90829076794,17428479525.19913,0.0001811368047119,0.112152456054021,0.000181136804712,92723.21372069632,-0.0528487444868901,0,0
2025-12-30,0.00558578515812908,Normal,87822.90829076794,87822.90829076794,87156.56266080117,87156.56266080117,53957962807.988785,-0.0075873783154687,2.095965011174564,0.0075873783154687,92494.17691640416,-0.0577075707201233,0,0
2025-12-31,0.6989569625154353,Normal,87156.56266080117,88414.62856073362,87156.56266080117,88414.62856073362,39734225800.079216,0.0144345515876829,-0.263607746988618,0.0144345515876828,92494.17691640416,-0.0441060020389999,0,1
2026-01-01,0.6610476291389407,Normal,88414.62856073362,88414.62856073362,87520.18048742875,87520.18048742875,37245075349.02766,-0.0101165167785606,-0.0626449968743722,0.0101165167785606,90307.26028567804,-0.0308621897002815,0,0
2026-01-02,1.5359233776155994,Normal,87520.18048742875,88727.67004249741,87520.18048742875,88727.67004249741,21163124465.205833,0.0137966986396023,-0.4317873096809742,0.0137966986396023,90257.4292885891,-0.0169488457421099,0,1
2026-01-03,0.04298144146342716,Normal,88727.67004249741,89926.27924953419,88727.67004249741,89926.27924953419,50705395175.73333,0.0135088547514286,1.395931435317964,0.0135088547514285,89926.27924953419,0.0,0,0
